0 verbose cli /Users/absaad/.nvm/versions/node/v22.16.0/bin/node /Users/absaad/.nvm/versions/node/v22.16.0/bin/npm
1 info using npm@10.9.2
2 info using node@v22.16.0
3 silly config load:file:/Users/absaad/.nvm/versions/node/v22.16.0/lib/node_modules/npm/npmrc
4 silly config load:file:/Users/absaad/Desktop/todo-api/.npmrc
5 silly config load:file:/Users/absaad/.npmrc
6 silly config load:file:/Users/absaad/.nvm/versions/node/v22.16.0/etc/npmrc
7 verbose title npm install jest supertest
8 verbose argv "install" "--save-dev" "jest" "supertest"
9 verbose logfile logs-max:10 dir:/Users/absaad/Desktop/todo-api/.npm-cache/_logs/2026-05-12T12_13_01_667Z-
10 verbose logfile /Users/absaad/Desktop/todo-api/.npm-cache/_logs/2026-05-12T12_13_01_667Z-debug-0.log
11 silly logfile done cleaning log files
12 silly packumentCache heap:4345298944 maxSize:1086324736 maxEntrySize:543162368
13 silly idealTree buildDeps
14 silly fetch manifest jest@*
15 silly packumentCache full:https://registry.npmjs.org/jest cache-miss
16 http fetch GET 200 https://registry.npmjs.org/jest 295ms (cache miss)
17 silly packumentCache full:https://registry.npmjs.org/jest set size:undefined disposed:false
18 silly fetch manifest node-notifier@^8.0.1 || ^9.0.0 || ^10.0.0
19 silly packumentCache full:https://registry.npmjs.org/node-notifier cache-miss
20 http fetch GET 200 https://registry.npmjs.org/node-notifier 65ms (cache miss)
21 silly packumentCache full:https://registry.npmjs.org/node-notifier set size:undefined disposed:false
22 silly fetch manifest supertest@*
23 silly packumentCache full:https://registry.npmjs.org/supertest cache-miss
24 http fetch GET 200 https://registry.npmjs.org/supertest 68ms (cache miss)
25 silly packumentCache full:https://registry.npmjs.org/supertest set size:undefined disposed:false
26 silly placeDep ROOT jest@30.4.2 OK for: todo-api@1.0.0 want: *
27 silly placeDep ROOT supertest@7.2.2 OK for: todo-api@1.0.0 want: *
28 silly fetch manifest @jest/core@30.4.2
29 silly packumentCache full:https://registry.npmjs.org/@jest%2fcore cache-miss
30 silly fetch manifest @jest/types@30.4.1
31 silly packumentCache full:https://registry.npmjs.org/@jest%2ftypes cache-miss
32 silly fetch manifest import-local@^3.2.0
33 silly packumentCache full:https://registry.npmjs.org/import-local cache-miss
34 silly fetch manifest jest-cli@30.4.2
35 silly packumentCache full:https://registry.npmjs.org/jest-cli cache-miss
36 silly fetch manifest methods@^1.1.2
37 silly packumentCache full:https://registry.npmjs.org/methods cache-miss
38 silly fetch manifest superagent@^10.3.0
39 silly packumentCache full:https://registry.npmjs.org/superagent cache-miss
40 http fetch GET 200 https://registry.npmjs.org/@jest%2fcore 112ms (cache miss)
41 silly packumentCache full:https://registry.npmjs.org/@jest%2fcore set size:undefined disposed:false
42 http fetch GET 200 https://registry.npmjs.org/methods 158ms (cache miss)
43 silly packumentCache full:https://registry.npmjs.org/methods set size:undefined disposed:false
44 http fetch GET 200 https://registry.npmjs.org/import-local 216ms (cache miss)
45 silly packumentCache full:https://registry.npmjs.org/import-local set size:undefined disposed:false
46 http fetch GET 200 https://registry.npmjs.org/jest-cli 338ms (cache miss)
47 silly packumentCache full:https://registry.npmjs.org/jest-cli set size:undefined disposed:false
48 http fetch GET 200 https://registry.npmjs.org/superagent 362ms (cache miss)
49 silly packumentCache full:https://registry.npmjs.org/superagent set size:undefined disposed:false
50 http fetch GET 200 https://registry.npmjs.org/@jest%2ftypes 432ms (cache miss)
51 silly packumentCache full:https://registry.npmjs.org/@jest%2ftypes set size:undefined disposed:false
52 silly placeDep ROOT @jest/core@30.4.2 OK for: jest@30.4.2 want: 30.4.2
53 silly placeDep ROOT @jest/types@30.4.1 OK for: jest@30.4.2 want: 30.4.1
54 silly placeDep ROOT import-local@3.2.0 OK for: jest@30.4.2 want: ^3.2.0
55 silly placeDep ROOT jest-cli@30.4.2 OK for: jest@30.4.2 want: 30.4.2
56 silly fetch manifest @jest/console@30.4.1
57 silly packumentCache full:https://registry.npmjs.org/@jest%2fconsole cache-miss
58 silly fetch manifest @jest/pattern@30.4.0
59 silly packumentCache full:https://registry.npmjs.org/@jest%2fpattern cache-miss
60 silly fetch manifest @jest/reporters@30.4.1
61 silly packumentCache full:https://registry.npmjs.org/@jest%2freporters cache-miss
62 silly fetch manifest @jest/test-result@30.4.1
63 silly packumentCache full:https://registry.npmjs.org/@jest%2ftest-result cache-miss
64 silly fetch manifest @jest/transform@30.4.1
65 silly packumentCache full:https://registry.npmjs.org/@jest%2ftransform cache-miss
66 silly fetch manifest @types/node@*
67 silly packumentCache full:https://registry.npmjs.org/@types%2fnode cache-miss
68 silly fetch manifest ansi-escapes@^4.3.2
69 silly packumentCache full:https://registry.npmjs.org/ansi-escapes cache-miss
70 silly fetch manifest chalk@^4.1.2
71 silly packumentCache full:https://registry.npmjs.org/chalk cache-miss
72 silly fetch manifest ci-info@^4.2.0
73 silly packumentCache full:https://registry.npmjs.org/ci-info cache-miss
74 http fetch GET 200 https://registry.npmjs.org/@jest%2fpattern 68ms (cache miss)
75 silly packumentCache full:https://registry.npmjs.org/@jest%2fpattern set size:undefined disposed:false
76 silly fetch manifest exit-x@^0.2.2
77 silly packumentCache full:https://registry.npmjs.org/exit-x cache-miss
78 http fetch GET 200 https://registry.npmjs.org/@jest%2ftransform 85ms (cache miss)
79 silly packumentCache full:https://registry.npmjs.org/@jest%2ftransform set size:undefined disposed:false
80 silly fetch manifest fast-json-stable-stringify@^2.1.0
81 silly packumentCache full:https://registry.npmjs.org/fast-json-stable-stringify cache-miss
82 http fetch GET 200 https://registry.npmjs.org/@jest%2fconsole 103ms (cache miss)
83 silly packumentCache full:https://registry.npmjs.org/@jest%2fconsole set size:undefined disposed:false
84 silly fetch manifest graceful-fs@^4.2.11
85 silly packumentCache full:https://registry.npmjs.org/graceful-fs cache-miss
86 http fetch GET 200 https://registry.npmjs.org/@jest%2ftest-result 114ms (cache miss)
87 silly packumentCache full:https://registry.npmjs.org/@jest%2ftest-result set size:undefined disposed:false
88 silly fetch manifest jest-changed-files@30.4.1
89 silly packumentCache full:https://registry.npmjs.org/jest-changed-files cache-miss
90 http fetch GET 200 https://registry.npmjs.org/exit-x 72ms (cache miss)
91 silly packumentCache full:https://registry.npmjs.org/exit-x set size:undefined disposed:false
92 silly fetch manifest jest-config@30.4.2
93 silly packumentCache full:https://registry.npmjs.org/jest-config cache-miss
94 http fetch GET 200 https://registry.npmjs.org/fast-json-stable-stringify 76ms (cache miss)
95 silly packumentCache full:https://registry.npmjs.org/fast-json-stable-stringify set size:undefined disposed:false
96 silly fetch manifest jest-haste-map@30.4.1
97 silly packumentCache full:https://registry.npmjs.org/jest-haste-map cache-miss
98 http fetch GET 200 https://registry.npmjs.org/graceful-fs 80ms (cache miss)
99 silly packumentCache full:https://registry.npmjs.org/graceful-fs set size:undefined disposed:false
100 silly fetch manifest jest-message-util@30.4.1
101 silly packumentCache full:https://registry.npmjs.org/jest-message-util cache-miss
102 http fetch GET 200 https://registry.npmjs.org/@jest%2freporters 192ms (cache miss)
103 silly packumentCache full:https://registry.npmjs.org/@jest%2freporters set size:undefined disposed:false
104 silly fetch manifest jest-regex-util@30.4.0
105 silly packumentCache full:https://registry.npmjs.org/jest-regex-util cache-miss
106 http fetch GET 200 https://registry.npmjs.org/chalk 199ms (cache miss)
107 silly packumentCache full:https://registry.npmjs.org/chalk set size:undefined disposed:false
108 silly fetch manifest jest-resolve@30.4.1
109 silly packumentCache full:https://registry.npmjs.org/jest-resolve cache-miss
110 http fetch GET 200 https://registry.npmjs.org/ansi-escapes 204ms (cache miss)
111 silly packumentCache full:https://registry.npmjs.org/ansi-escapes set size:undefined disposed:false
112 silly fetch manifest jest-resolve-dependencies@30.4.2
113 silly packumentCache full:https://registry.npmjs.org/jest-resolve-dependencies cache-miss
114 http fetch GET 200 https://registry.npmjs.org/jest-changed-files 96ms (cache miss)
115 silly packumentCache full:https://registry.npmjs.org/jest-changed-files set size:undefined disposed:false
116 silly fetch manifest jest-runner@30.4.2
117 silly packumentCache full:https://registry.npmjs.org/jest-runner cache-miss
118 http fetch GET 200 https://registry.npmjs.org/ci-info 247ms (cache miss)
119 silly packumentCache full:https://registry.npmjs.org/ci-info set size:undefined disposed:false
120 silly fetch manifest jest-runtime@30.4.2
121 silly packumentCache full:https://registry.npmjs.org/jest-runtime cache-miss
122 http fetch GET 200 https://registry.npmjs.org/jest-haste-map 86ms (cache miss)
123 silly packumentCache full:https://registry.npmjs.org/jest-haste-map set size:undefined disposed:false
124 silly fetch manifest jest-snapshot@30.4.1
125 silly packumentCache full:https://registry.npmjs.org/jest-snapshot cache-miss
126 http fetch GET 200 https://registry.npmjs.org/jest-config 133ms (cache miss)
127 silly packumentCache full:https://registry.npmjs.org/jest-config set size:undefined disposed:false
128 silly fetch manifest jest-util@30.4.1
129 silly packumentCache full:https://registry.npmjs.org/jest-util cache-miss
130 http fetch GET 200 https://registry.npmjs.org/jest-message-util 128ms (cache miss)
131 silly packumentCache full:https://registry.npmjs.org/jest-message-util set size:undefined disposed:false
132 silly fetch manifest jest-validate@30.4.1
133 silly packumentCache full:https://registry.npmjs.org/jest-validate cache-miss
134 http fetch GET 200 https://registry.npmjs.org/jest-regex-util 141ms (cache miss)
135 silly packumentCache full:https://registry.npmjs.org/jest-regex-util set size:undefined disposed:false
136 silly fetch manifest jest-watcher@30.4.1
137 silly packumentCache full:https://registry.npmjs.org/jest-watcher cache-miss
138 http fetch GET 200 https://registry.npmjs.org/jest-runner 138ms (cache miss)
139 silly packumentCache full:https://registry.npmjs.org/jest-runner set size:undefined disposed:false
140 silly fetch manifest pretty-format@30.4.1
141 silly packumentCache full:https://registry.npmjs.org/pretty-format cache-miss
142 http fetch GET 200 https://registry.npmjs.org/jest-runtime 195ms (cache miss)
143 silly packumentCache full:https://registry.npmjs.org/jest-runtime set size:undefined disposed:false
144 silly fetch manifest slash@^3.0.0
145 silly packumentCache full:https://registry.npmjs.org/slash cache-miss
146 http fetch GET 200 https://registry.npmjs.org/jest-util 176ms (cache miss)
147 silly packumentCache full:https://registry.npmjs.org/jest-util set size:undefined disposed:false
148 silly fetch manifest @jest/schemas@30.4.1
149 silly packumentCache full:https://registry.npmjs.org/@jest%2fschemas cache-miss
150 http fetch GET 200 https://registry.npmjs.org/jest-validate 161ms (cache miss)
151 silly packumentCache full:https://registry.npmjs.org/jest-validate set size:undefined disposed:false
152 silly fetch manifest @types/istanbul-lib-coverage@^2.0.6
153 silly packumentCache full:https://registry.npmjs.org/@types%2fistanbul-lib-coverage cache-miss
154 http fetch GET 200 https://registry.npmjs.org/@types%2fnode 487ms (cache miss)
155 silly packumentCache full:https://registry.npmjs.org/@types%2fnode set size:undefined disposed:false
156 silly fetch manifest @types/istanbul-reports@^3.0.4
157 silly packumentCache full:https://registry.npmjs.org/@types%2fistanbul-reports cache-miss
158 http fetch GET 200 https://registry.npmjs.org/jest-resolve 355ms (cache miss)
159 silly packumentCache full:https://registry.npmjs.org/jest-resolve set size:undefined disposed:false
160 silly fetch manifest @types/yargs@^17.0.33
161 silly packumentCache full:https://registry.npmjs.org/@types%2fyargs cache-miss
162 http fetch GET 200 https://registry.npmjs.org/slash 111ms (cache miss)
163 silly packumentCache full:https://registry.npmjs.org/slash set size:undefined disposed:false
164 silly fetch manifest pkg-dir@^4.2.0
165 silly packumentCache full:https://registry.npmjs.org/pkg-dir cache-miss
166 http fetch GET 200 https://registry.npmjs.org/jest-resolve-dependencies 353ms (cache miss)
167 silly packumentCache full:https://registry.npmjs.org/jest-resolve-dependencies set size:undefined disposed:false
168 silly fetch manifest resolve-cwd@^3.0.0
169 silly packumentCache full:https://registry.npmjs.org/resolve-cwd cache-miss
170 http fetch GET 200 https://registry.npmjs.org/@types%2fistanbul-lib-coverage 82ms (cache miss)
171 silly packumentCache full:https://registry.npmjs.org/@types%2fistanbul-lib-coverage set size:undefined disposed:false
172 silly fetch manifest yargs@^17.7.2
173 silly packumentCache full:https://registry.npmjs.org/yargs cache-miss
174 http fetch GET 200 https://registry.npmjs.org/@jest%2fschemas 105ms (cache miss)
175 silly packumentCache full:https://registry.npmjs.org/@jest%2fschemas set size:undefined disposed:false
176 http fetch GET 200 https://registry.npmjs.org/jest-watcher 226ms (cache miss)
177 silly packumentCache full:https://registry.npmjs.org/jest-watcher set size:undefined disposed:false
178 http fetch GET 200 https://registry.npmjs.org/pretty-format 210ms (cache miss)
179 silly packumentCache full:https://registry.npmjs.org/pretty-format set size:undefined disposed:false
180 http fetch GET 200 https://registry.npmjs.org/jest-snapshot 316ms (cache miss)
181 silly packumentCache full:https://registry.npmjs.org/jest-snapshot set size:undefined disposed:false
182 http fetch GET 200 https://registry.npmjs.org/resolve-cwd 45ms (cache miss)
183 silly packumentCache full:https://registry.npmjs.org/resolve-cwd set size:undefined disposed:false
184 http fetch GET 200 https://registry.npmjs.org/pkg-dir 46ms (cache miss)
185 silly packumentCache full:https://registry.npmjs.org/pkg-dir set size:undefined disposed:false
186 http fetch GET 200 https://registry.npmjs.org/@types%2fistanbul-reports 75ms (cache miss)
187 silly packumentCache full:https://registry.npmjs.org/@types%2fistanbul-reports set size:undefined disposed:false
188 http fetch GET 200 https://registry.npmjs.org/yargs 105ms (cache miss)
189 silly packumentCache full:https://registry.npmjs.org/yargs set size:undefined disposed:false
190 http fetch GET 200 https://registry.npmjs.org/@types%2fyargs 116ms (cache miss)
191 silly packumentCache full:https://registry.npmjs.org/@types%2fyargs set size:undefined disposed:false
192 silly fetch manifest esbuild-register@>=3.4.0
193 silly packumentCache full:https://registry.npmjs.org/esbuild-register cache-miss
194 http fetch GET 200 https://registry.npmjs.org/esbuild-register 49ms (cache miss)
195 silly packumentCache full:https://registry.npmjs.org/esbuild-register set size:undefined disposed:false
196 silly fetch manifest esbuild@>=0.12 <1
197 silly packumentCache full:https://registry.npmjs.org/esbuild cache-miss
198 http fetch GET 200 https://registry.npmjs.org/esbuild 138ms (cache miss)
199 silly packumentCache full:https://registry.npmjs.org/esbuild set size:undefined disposed:false
200 silly fetch manifest ts-node@>=9.0.0
201 silly packumentCache full:https://registry.npmjs.org/ts-node cache-miss
202 http fetch GET 200 https://registry.npmjs.org/ts-node 82ms (cache miss)
203 silly packumentCache full:https://registry.npmjs.org/ts-node set size:undefined disposed:false
204 silly fetch manifest @swc/core@>=1.2.50
205 silly packumentCache full:https://registry.npmjs.org/@swc%2fcore cache-miss
206 http fetch GET 200 https://registry.npmjs.org/@swc%2fcore 259ms (cache miss)
207 silly packumentCache full:https://registry.npmjs.org/@swc%2fcore set size:undefined disposed:false
208 silly fetch manifest @swc/helpers@>=0.5.17
209 silly packumentCache full:https://registry.npmjs.org/@swc%2fhelpers cache-miss
210 http fetch GET 200 https://registry.npmjs.org/@swc%2fhelpers 78ms (cache miss)
211 silly packumentCache full:https://registry.npmjs.org/@swc%2fhelpers set size:undefined disposed:false
212 silly fetch manifest @swc/wasm@>=1.2.50
213 silly packumentCache full:https://registry.npmjs.org/@swc%2fwasm cache-miss
214 http fetch GET 200 https://registry.npmjs.org/@swc%2fwasm 134ms (cache miss)
215 silly packumentCache full:https://registry.npmjs.org/@swc%2fwasm set size:undefined disposed:false
216 silly fetch manifest typescript@>=2.7
217 silly packumentCache full:https://registry.npmjs.org/typescript cache-miss
218 http fetch GET 200 https://registry.npmjs.org/typescript 365ms (cache miss)
219 silly packumentCache full:https://registry.npmjs.org/typescript set size:undefined disposed:false
220 silly placeDep ROOT @jest/console@30.4.1 OK for: @jest/core@30.4.2 want: 30.4.1
221 silly placeDep ROOT @jest/pattern@30.4.0 OK for: @jest/core@30.4.2 want: 30.4.0
222 silly placeDep ROOT @jest/reporters@30.4.1 OK for: @jest/core@30.4.2 want: 30.4.1
223 silly placeDep ROOT @jest/test-result@30.4.1 OK for: @jest/core@30.4.2 want: 30.4.1
224 silly placeDep ROOT @jest/transform@30.4.1 OK for: @jest/core@30.4.2 want: 30.4.1
225 silly placeDep ROOT @types/node@25.7.0 OK for: @jest/core@30.4.2 want: *
226 silly placeDep ROOT ansi-escapes@4.3.2 OK for: @jest/core@30.4.2 want: ^4.3.2
227 silly placeDep ROOT chalk@4.1.2 OK for: @jest/core@30.4.2 want: ^4.1.2
228 silly placeDep ROOT ci-info@4.4.0 OK for: @jest/core@30.4.2 want: ^4.2.0
229 silly placeDep ROOT exit-x@0.2.2 OK for: @jest/core@30.4.2 want: ^0.2.2
230 silly placeDep ROOT fast-json-stable-stringify@2.1.0 OK for: @jest/core@30.4.2 want: ^2.1.0
231 silly placeDep ROOT graceful-fs@4.2.11 OK for: @jest/core@30.4.2 want: ^4.2.11
232 silly placeDep ROOT jest-changed-files@30.4.1 OK for: @jest/core@30.4.2 want: 30.4.1
233 silly placeDep ROOT jest-config@30.4.2 OK for: @jest/core@30.4.2 want: 30.4.2
234 silly placeDep ROOT jest-haste-map@30.4.1 OK for: @jest/core@30.4.2 want: 30.4.1
235 silly placeDep ROOT jest-message-util@30.4.1 OK for: @jest/core@30.4.2 want: 30.4.1
236 silly placeDep ROOT jest-regex-util@30.4.0 OK for: @jest/core@30.4.2 want: 30.4.0
237 silly placeDep ROOT jest-resolve@30.4.1 OK for: @jest/core@30.4.2 want: 30.4.1
238 silly placeDep ROOT jest-resolve-dependencies@30.4.2 OK for: @jest/core@30.4.2 want: 30.4.2
239 silly placeDep ROOT jest-runner@30.4.2 OK for: @jest/core@30.4.2 want: 30.4.2
240 silly placeDep ROOT jest-runtime@30.4.2 OK for: @jest/core@30.4.2 want: 30.4.2
241 silly placeDep ROOT jest-snapshot@30.4.1 OK for: @jest/core@30.4.2 want: 30.4.1
242 silly placeDep ROOT jest-util@30.4.1 OK for: @jest/core@30.4.2 want: 30.4.1
243 silly placeDep ROOT jest-validate@30.4.1 OK for: @jest/core@30.4.2 want: 30.4.1
244 silly placeDep ROOT jest-watcher@30.4.1 OK for: @jest/core@30.4.2 want: 30.4.1
245 silly placeDep ROOT pretty-format@30.4.1 OK for: @jest/core@30.4.2 want: 30.4.1
246 silly placeDep ROOT slash@3.0.0 OK for: @jest/core@30.4.2 want: ^3.0.0
247 silly fetch manifest @bcoe/v8-coverage@^0.2.3
248 silly packumentCache full:https://registry.npmjs.org/@bcoe%2fv8-coverage cache-miss
249 silly fetch manifest @jridgewell/trace-mapping@^0.3.25
250 silly packumentCache full:https://registry.npmjs.org/@jridgewell%2ftrace-mapping cache-miss
251 silly fetch manifest collect-v8-coverage@^1.0.2
252 silly packumentCache full:https://registry.npmjs.org/collect-v8-coverage cache-miss
253 silly fetch manifest glob@^10.5.0
254 silly packumentCache full:https://registry.npmjs.org/glob cache-miss
255 silly fetch manifest istanbul-lib-coverage@^3.0.0
256 silly packumentCache full:https://registry.npmjs.org/istanbul-lib-coverage cache-miss
257 silly fetch manifest istanbul-lib-instrument@^6.0.0
258 silly packumentCache full:https://registry.npmjs.org/istanbul-lib-instrument cache-miss
259 silly fetch manifest istanbul-lib-report@^3.0.0
260 silly packumentCache full:https://registry.npmjs.org/istanbul-lib-report cache-miss
261 silly fetch manifest istanbul-lib-source-maps@^5.0.0
262 silly packumentCache full:https://registry.npmjs.org/istanbul-lib-source-maps cache-miss
263 silly fetch manifest istanbul-reports@^3.1.3
264 silly packumentCache full:https://registry.npmjs.org/istanbul-reports cache-miss
265 http fetch GET 200 https://registry.npmjs.org/collect-v8-coverage 44ms (cache miss)
266 silly packumentCache full:https://registry.npmjs.org/collect-v8-coverage set size:undefined disposed:false
267 silly fetch manifest jest-worker@30.4.1
268 silly packumentCache full:https://registry.npmjs.org/jest-worker cache-miss
269 http fetch GET 200 https://registry.npmjs.org/istanbul-lib-source-maps 49ms (cache miss)
270 silly packumentCache full:https://registry.npmjs.org/istanbul-lib-source-maps set size:undefined disposed:false
271 silly fetch manifest string-length@^4.0.2
272 silly packumentCache full:https://registry.npmjs.org/string-length cache-miss
273 http fetch GET 200 https://registry.npmjs.org/istanbul-lib-report 50ms (cache miss)
274 silly packumentCache full:https://registry.npmjs.org/istanbul-lib-report set size:undefined disposed:false
275 silly fetch manifest v8-to-istanbul@^9.0.1
276 silly packumentCache full:https://registry.npmjs.org/v8-to-istanbul cache-miss
277 http fetch GET 200 https://registry.npmjs.org/istanbul-lib-coverage 55ms (cache miss)
278 silly packumentCache full:https://registry.npmjs.org/istanbul-lib-coverage set size:undefined disposed:false
279 silly fetch manifest @babel/core@^7.27.4
280 silly packumentCache full:https://registry.npmjs.org/@babel%2fcore cache-miss
281 http fetch GET 200 https://registry.npmjs.org/glob 63ms (cache miss)
282 silly packumentCache full:https://registry.npmjs.org/glob set size:undefined disposed:false
283 silly fetch manifest @jridgewell/trace-mapping@^0.3.25
284 silly packumentCache full:https://registry.npmjs.org/@jridgewell%2ftrace-mapping cache-miss
285 http fetch GET 200 https://registry.npmjs.org/istanbul-reports 68ms (cache miss)
286 silly packumentCache full:https://registry.npmjs.org/istanbul-reports set size:undefined disposed:false
287 silly fetch manifest babel-plugin-istanbul@^7.0.1
288 silly packumentCache full:https://registry.npmjs.org/babel-plugin-istanbul cache-miss
289 http fetch GET 200 https://registry.npmjs.org/@bcoe%2fv8-coverage 73ms (cache miss)
290 silly packumentCache full:https://registry.npmjs.org/@bcoe%2fv8-coverage set size:undefined disposed:false
291 silly fetch manifest convert-source-map@^2.0.0
292 silly packumentCache full:https://registry.npmjs.org/convert-source-map cache-miss
293 http fetch GET 200 https://registry.npmjs.org/istanbul-lib-instrument 77ms (cache miss)
294 silly packumentCache full:https://registry.npmjs.org/istanbul-lib-instrument set size:undefined disposed:false
295 silly fetch manifest pirates@^4.0.7
296 silly packumentCache full:https://registry.npmjs.org/pirates cache-miss
297 http fetch GET 200 https://registry.npmjs.org/string-length 62ms (cache miss)
298 silly packumentCache full:https://registry.npmjs.org/string-length set size:undefined disposed:false
299 silly fetch manifest write-file-atomic@^5.0.1
300 silly packumentCache full:https://registry.npmjs.org/write-file-atomic cache-miss
301 http fetch GET 200 https://registry.npmjs.org/jest-worker 68ms (cache miss)
302 silly packumentCache full:https://registry.npmjs.org/jest-worker set size:undefined disposed:false
303 silly fetch manifest undici-types@~7.21.0
304 silly packumentCache full:https://registry.npmjs.org/undici-types cache-miss
305 http fetch GET 200 https://registry.npmjs.org/@jridgewell%2ftrace-mapping 115ms (cache miss)
306 silly packumentCache full:https://registry.npmjs.org/@jridgewell%2ftrace-mapping set size:undefined disposed:false
307 silly fetch manifest type-fest@^0.21.3
308 silly packumentCache full:https://registry.npmjs.org/type-fest cache-miss
309 http fetch GET 200 https://registry.npmjs.org/v8-to-istanbul 72ms (cache miss)
310 silly packumentCache full:https://registry.npmjs.org/v8-to-istanbul set size:undefined disposed:false
311 silly fetch manifest ansi-styles@^4.1.0
312 silly packumentCache full:https://registry.npmjs.org/ansi-styles cache-miss
313 http fetch GET 200 https://registry.npmjs.org/@jridgewell%2ftrace-mapping 62ms (cache miss)
314 silly packumentCache full:https://registry.npmjs.org/@jridgewell%2ftrace-mapping set size:undefined disposed:false
315 silly fetch manifest supports-color@^7.1.0
316 silly packumentCache full:https://registry.npmjs.org/supports-color cache-miss
317 http fetch GET 200 https://registry.npmjs.org/babel-plugin-istanbul 61ms (cache miss)
318 silly packumentCache full:https://registry.npmjs.org/babel-plugin-istanbul set size:undefined disposed:false
319 silly fetch manifest execa@^5.1.1
320 silly packumentCache full:https://registry.npmjs.org/execa cache-miss
321 http fetch GET 200 https://registry.npmjs.org/convert-source-map 61ms (cache miss)
322 silly packumentCache full:https://registry.npmjs.org/convert-source-map set size:undefined disposed:false
323 silly fetch manifest p-limit@^3.1.0
324 silly packumentCache full:https://registry.npmjs.org/p-limit cache-miss
325 http fetch GET 200 https://registry.npmjs.org/pirates 67ms (cache miss)
326 silly packumentCache full:https://registry.npmjs.org/pirates set size:undefined disposed:false
327 silly fetch manifest @babel/core@^7.27.4
328 silly packumentCache full:https://registry.npmjs.org/@babel%2fcore cache-miss
329 http fetch GET 200 https://registry.npmjs.org/@babel%2fcore 100ms (cache miss)
330 silly packumentCache full:https://registry.npmjs.org/@babel%2fcore set size:undefined disposed:false
331 silly fetch manifest @jest/get-type@30.1.0
332 silly packumentCache full:https://registry.npmjs.org/@jest%2fget-type cache-miss
333 http fetch GET 200 https://registry.npmjs.org/write-file-atomic 49ms (cache miss)
334 silly packumentCache full:https://registry.npmjs.org/write-file-atomic set size:undefined disposed:false
335 silly fetch manifest @jest/test-sequencer@30.4.1
336 silly packumentCache full:https://registry.npmjs.org/@jest%2ftest-sequencer cache-miss
337 http fetch GET 200 https://registry.npmjs.org/undici-types 52ms (cache miss)
338 silly packumentCache full:https://registry.npmjs.org/undici-types set size:undefined disposed:false
339 silly fetch manifest babel-jest@30.4.1
340 silly packumentCache full:https://registry.npmjs.org/babel-jest cache-miss
341 http fetch GET 200 https://registry.npmjs.org/ansi-styles 49ms (cache miss)
342 silly packumentCache full:https://registry.npmjs.org/ansi-styles set size:undefined disposed:false
343 silly fetch manifest deepmerge@^4.3.1
344 silly packumentCache full:https://registry.npmjs.org/deepmerge cache-miss
345 http fetch GET 200 https://registry.npmjs.org/supports-color 50ms (cache miss)
346 silly packumentCache full:https://registry.npmjs.org/supports-color set size:undefined disposed:false
347 silly fetch manifest jest-circus@30.4.2
348 silly packumentCache full:https://registry.npmjs.org/jest-circus cache-miss
349 http fetch GET 200 https://registry.npmjs.org/execa 66ms (cache miss)
350 silly packumentCache full:https://registry.npmjs.org/execa set size:undefined disposed:false
351 silly fetch manifest jest-docblock@30.4.0
352 silly packumentCache full:https://registry.npmjs.org/jest-docblock cache-miss
353 http fetch GET 200 https://registry.npmjs.org/p-limit 69ms (cache miss)
354 silly packumentCache full:https://registry.npmjs.org/p-limit set size:undefined disposed:false
355 silly fetch manifest jest-environment-node@30.4.1
356 silly packumentCache full:https://registry.npmjs.org/jest-environment-node cache-miss
357 http fetch GET 200 https://registry.npmjs.org/type-fest 108ms (cache miss)
358 silly packumentCache full:https://registry.npmjs.org/type-fest set size:undefined disposed:false
359 silly fetch manifest parse-json@^5.2.0
360 silly packumentCache full:https://registry.npmjs.org/parse-json cache-miss
361 http fetch GET 200 https://registry.npmjs.org/@jest%2fget-type 70ms (cache miss)
362 silly packumentCache full:https://registry.npmjs.org/@jest%2fget-type set size:undefined disposed:false
363 silly fetch manifest strip-json-comments@^3.1.1
364 silly packumentCache full:https://registry.npmjs.org/strip-json-comments cache-miss
365 http fetch GET 200 https://registry.npmjs.org/deepmerge 57ms (cache miss)
366 silly packumentCache full:https://registry.npmjs.org/deepmerge set size:undefined disposed:false
367 silly fetch manifest anymatch@^3.1.3
368 silly packumentCache full:https://registry.npmjs.org/anymatch cache-miss
369 http fetch GET 200 https://registry.npmjs.org/babel-jest 77ms (cache miss)
370 silly packumentCache full:https://registry.npmjs.org/babel-jest set size:undefined disposed:false
371 silly fetch manifest fb-watchman@^2.0.2
372 silly packumentCache full:https://registry.npmjs.org/fb-watchman cache-miss
373 http fetch GET 200 https://registry.npmjs.org/@jest%2ftest-sequencer 90ms (cache miss)
374 silly packumentCache full:https://registry.npmjs.org/@jest%2ftest-sequencer set size:undefined disposed:false
375 silly fetch manifest picomatch@^4.0.3
376 silly packumentCache full:https://registry.npmjs.org/picomatch cache-miss
377 http fetch GET 200 https://registry.npmjs.org/jest-circus 81ms (cache miss)
378 silly packumentCache full:https://registry.npmjs.org/jest-circus set size:undefined disposed:false
379 silly fetch manifest walker@^1.0.8
380 silly packumentCache full:https://registry.npmjs.org/walker cache-miss
381 http fetch GET 200 https://registry.npmjs.org/anymatch 46ms (cache miss)
382 silly packumentCache full:https://registry.npmjs.org/anymatch set size:undefined disposed:false
383 silly fetch manifest fsevents@^2.3.3
384 silly packumentCache full:https://registry.npmjs.org/fsevents cache-miss
385 http fetch GET 200 https://registry.npmjs.org/jest-docblock 85ms (cache miss)
386 silly packumentCache full:https://registry.npmjs.org/jest-docblock set size:undefined disposed:false
387 silly fetch manifest @babel/code-frame@^7.27.1
388 silly packumentCache full:https://registry.npmjs.org/@babel%2fcode-frame cache-miss
389 http fetch GET 200 https://registry.npmjs.org/@babel%2fcore 149ms (cache miss)
390 silly packumentCache full:https://registry.npmjs.org/@babel%2fcore set size:undefined disposed:false
391 silly fetch manifest @types/stack-utils@^2.0.3
392 silly packumentCache full:https://registry.npmjs.org/@types%2fstack-utils cache-miss
393 http fetch GET 200 https://registry.npmjs.org/strip-json-comments 74ms (cache miss)
394 silly packumentCache full:https://registry.npmjs.org/strip-json-comments set size:undefined disposed:false
395 silly fetch manifest picomatch@^4.0.3
396 silly packumentCache full:https://registry.npmjs.org/picomatch cache-miss
397 http fetch GET 200 https://registry.npmjs.org/fb-watchman 58ms (cache miss)
398 silly packumentCache full:https://registry.npmjs.org/fb-watchman set size:undefined disposed:false
399 silly fetch manifest stack-utils@^2.0.6
400 silly packumentCache full:https://registry.npmjs.org/stack-utils cache-miss
401 http fetch GET 200 https://registry.npmjs.org/jest-environment-node 104ms (cache miss)
402 silly packumentCache full:https://registry.npmjs.org/jest-environment-node set size:undefined disposed:false
403 silly fetch manifest jest-pnp-resolver@^1.2.3
404 silly packumentCache full:https://registry.npmjs.org/jest-pnp-resolver cache-miss
405 http fetch GET 200 https://registry.npmjs.org/parse-json 83ms (cache miss)
406 silly packumentCache full:https://registry.npmjs.org/parse-json set size:undefined disposed:false
407 silly fetch manifest unrs-resolver@^1.7.11
408 silly packumentCache full:https://registry.npmjs.org/unrs-resolver cache-miss
409 http fetch GET 200 https://registry.npmjs.org/walker 50ms (cache miss)
410 silly packumentCache full:https://registry.npmjs.org/walker set size:undefined disposed:false
411 silly fetch manifest @jest/environment@30.4.1
412 silly packumentCache full:https://registry.npmjs.org/@jest%2fenvironment cache-miss
413 http fetch GET 200 https://registry.npmjs.org/picomatch 60ms (cache miss)
414 silly packumentCache full:https://registry.npmjs.org/picomatch set size:undefined disposed:false
415 silly fetch manifest emittery@^0.13.1
416 silly packumentCache full:https://registry.npmjs.org/emittery cache-miss
417 http fetch GET 200 https://registry.npmjs.org/fsevents 54ms (cache miss)
418 silly packumentCache full:https://registry.npmjs.org/fsevents set size:undefined disposed:false
419 silly fetch manifest jest-leak-detector@30.4.1
420 silly packumentCache full:https://registry.npmjs.org/jest-leak-detector cache-miss
421 http fetch GET 200 https://registry.npmjs.org/stack-utils 44ms (cache miss)
422 silly packumentCache full:https://registry.npmjs.org/stack-utils set size:undefined disposed:false
423 silly fetch manifest source-map-support@0.5.13
424 silly packumentCache full:https://registry.npmjs.org/source-map-support cache-miss
425 http fetch GET 200 https://registry.npmjs.org/picomatch 56ms (cache miss)
426 silly packumentCache full:https://registry.npmjs.org/picomatch set size:undefined disposed:false
427 silly fetch manifest @jest/environment@30.4.1
428 silly packumentCache full:https://registry.npmjs.org/@jest%2fenvironment cache-miss
429 http fetch GET 200 https://registry.npmjs.org/emittery 52ms (cache miss)
430 silly packumentCache full:https://registry.npmjs.org/emittery set size:undefined disposed:false
431 silly fetch manifest @jest/fake-timers@30.4.1
432 silly packumentCache full:https://registry.npmjs.org/@jest%2ffake-timers cache-miss
433 http fetch GET 200 https://registry.npmjs.org/jest-pnp-resolver 67ms (cache miss)
434 silly packumentCache full:https://registry.npmjs.org/jest-pnp-resolver set size:undefined disposed:false
435 silly fetch manifest @jest/globals@30.4.1
436 silly packumentCache full:https://registry.npmjs.org/@jest%2fglobals cache-miss
437 http fetch GET 200 https://registry.npmjs.org/@babel%2fcode-frame 100ms (cache miss)
438 silly packumentCache full:https://registry.npmjs.org/@babel%2fcode-frame set size:undefined disposed:false
439 silly fetch manifest @jest/source-map@30.0.1
440 silly packumentCache full:https://registry.npmjs.org/@jest%2fsource-map cache-miss
441 http fetch GET 200 https://registry.npmjs.org/unrs-resolver 77ms (cache miss)
442 silly packumentCache full:https://registry.npmjs.org/unrs-resolver set size:undefined disposed:false
443 silly fetch manifest cjs-module-lexer@^2.1.0
444 silly packumentCache full:https://registry.npmjs.org/cjs-module-lexer cache-miss
445 http fetch GET 200 https://registry.npmjs.org/@jest%2fenvironment 81ms (cache miss)
446 silly packumentCache full:https://registry.npmjs.org/@jest%2fenvironment set size:undefined disposed:false
447 silly fetch manifest jest-mock@30.4.1
448 silly packumentCache full:https://registry.npmjs.org/jest-mock cache-miss
449 http fetch GET 200 https://registry.npmjs.org/jest-leak-detector 72ms (cache miss)
450 silly packumentCache full:https://registry.npmjs.org/jest-leak-detector set size:undefined disposed:false
451 silly fetch manifest strip-bom@^4.0.0
452 silly packumentCache full:https://registry.npmjs.org/strip-bom cache-miss
453 http fetch GET 200 https://registry.npmjs.org/@types%2fstack-utils 119ms (cache miss)
454 silly packumentCache full:https://registry.npmjs.org/@types%2fstack-utils set size:undefined disposed:false
455 silly fetch manifest @babel/generator@^7.27.5
456 silly packumentCache full:https://registry.npmjs.org/@babel%2fgenerator cache-miss
457 http fetch GET 200 https://registry.npmjs.org/source-map-support 67ms (cache miss)
458 silly packumentCache full:https://registry.npmjs.org/source-map-support set size:undefined disposed:false
459 silly fetch manifest @babel/plugin-syntax-jsx@^7.27.1
460 silly packumentCache full:https://registry.npmjs.org/@babel%2fplugin-syntax-jsx cache-miss
461 http fetch GET 200 https://registry.npmjs.org/@jest%2ffake-timers 74ms (cache miss)
462 silly packumentCache full:https://registry.npmjs.org/@jest%2ffake-timers set size:undefined disposed:false
463 silly fetch manifest @babel/plugin-syntax-typescript@^7.27.1
464 silly packumentCache full:https://registry.npmjs.org/@babel%2fplugin-syntax-typescript cache-miss
465 http fetch GET 200 https://registry.npmjs.org/@jest%2fenvironment 86ms (cache miss)
466 silly packumentCache full:https://registry.npmjs.org/@jest%2fenvironment set size:undefined disposed:false
467 silly fetch manifest @babel/types@^7.27.3
468 silly packumentCache full:https://registry.npmjs.org/@babel%2ftypes cache-miss
469 http fetch GET 200 https://registry.npmjs.org/strip-bom 44ms (cache miss)
470 silly packumentCache full:https://registry.npmjs.org/strip-bom set size:undefined disposed:false
471 silly fetch manifest @jest/expect-utils@30.4.1
472 silly packumentCache full:https://registry.npmjs.org/@jest%2fexpect-utils cache-miss
473 http fetch GET 200 https://registry.npmjs.org/jest-mock 77ms (cache miss)
474 silly packumentCache full:https://registry.npmjs.org/jest-mock set size:undefined disposed:false
475 silly fetch manifest @jest/snapshot-utils@30.4.1
476 silly packumentCache full:https://registry.npmjs.org/@jest%2fsnapshot-utils cache-miss
477 http fetch GET 200 https://registry.npmjs.org/@jest%2fsource-map 90ms (cache miss)
478 silly packumentCache full:https://registry.npmjs.org/@jest%2fsource-map set size:undefined disposed:false
479 silly fetch manifest babel-preset-current-node-syntax@^1.2.0
480 silly packumentCache full:https://registry.npmjs.org/babel-preset-current-node-syntax cache-miss
481 http fetch GET 200 https://registry.npmjs.org/cjs-module-lexer 89ms (cache miss)
482 silly packumentCache full:https://registry.npmjs.org/cjs-module-lexer set size:undefined disposed:false
483 silly fetch manifest expect@30.4.1
484 silly packumentCache full:https://registry.npmjs.org/expect cache-miss
485 http fetch GET 200 https://registry.npmjs.org/@babel%2fgenerator 76ms (cache miss)
486 silly packumentCache full:https://registry.npmjs.org/@babel%2fgenerator set size:undefined disposed:false
487 silly fetch manifest jest-diff@30.4.1
488 silly packumentCache full:https://registry.npmjs.org/jest-diff cache-miss
489 http fetch GET 200 https://registry.npmjs.org/@jest%2fglobals 122ms (cache miss)
490 silly packumentCache full:https://registry.npmjs.org/@jest%2fglobals set size:undefined disposed:false
491 silly fetch manifest jest-matcher-utils@30.4.1
492 silly packumentCache full:https://registry.npmjs.org/jest-matcher-utils cache-miss
493 http fetch GET 200 https://registry.npmjs.org/@babel%2fplugin-syntax-typescript 65ms (cache miss)
494 silly packumentCache full:https://registry.npmjs.org/@babel%2fplugin-syntax-typescript set size:undefined disposed:false
495 silly fetch manifest synckit@^0.11.8
496 silly packumentCache full:https://registry.npmjs.org/synckit cache-miss
497 http fetch GET 200 https://registry.npmjs.org/@babel%2fplugin-syntax-jsx 95ms (cache miss)
498 silly packumentCache full:https://registry.npmjs.org/@babel%2fplugin-syntax-jsx set size:undefined disposed:false
499 silly fetch manifest camelcase@^6.3.0
500 silly packumentCache full:https://registry.npmjs.org/camelcase cache-miss
501 http fetch GET 200 https://registry.npmjs.org/@jest%2fexpect-utils 66ms (cache miss)
502 silly packumentCache full:https://registry.npmjs.org/@jest%2fexpect-utils set size:undefined disposed:false
503 silly fetch manifest leven@^3.1.0
504 silly packumentCache full:https://registry.npmjs.org/leven cache-miss
505 http fetch GET 200 https://registry.npmjs.org/@babel%2ftypes 88ms (cache miss)
506 silly packumentCache full:https://registry.npmjs.org/@babel%2ftypes set size:undefined disposed:false
507 silly fetch manifest ansi-styles@^5.2.0
508 silly packumentCache full:https://registry.npmjs.org/ansi-styles cache-miss
509 http cache https://registry.npmjs.org/ansi-styles 4ms (cache hit)
510 silly packumentCache full:https://registry.npmjs.org/ansi-styles set size:63233 disposed:false
511 silly fetch manifest react-is-18@npm:react-is@^18.3.1
512 silly packumentCache full:https://registry.npmjs.org/react-is cache-miss
513 http fetch GET 200 https://registry.npmjs.org/synckit 54ms (cache miss)
514 silly packumentCache full:https://registry.npmjs.org/synckit set size:undefined disposed:false
515 silly fetch manifest react-is-19@npm:react-is@^19.2.5
516 silly packumentCache full:https://registry.npmjs.org/react-is cache-miss
517 http fetch GET 200 https://registry.npmjs.org/babel-preset-current-node-syntax 91ms (cache miss)
518 silly packumentCache full:https://registry.npmjs.org/babel-preset-current-node-syntax set size:undefined disposed:false
519 http fetch GET 200 https://registry.npmjs.org/@jest%2fsnapshot-utils 92ms (cache miss)
520 silly packumentCache full:https://registry.npmjs.org/@jest%2fsnapshot-utils set size:undefined disposed:false
521 http fetch GET 200 https://registry.npmjs.org/leven 52ms (cache miss)
522 silly packumentCache full:https://registry.npmjs.org/leven set size:undefined disposed:false
523 http fetch GET 200 https://registry.npmjs.org/jest-diff 78ms (cache miss)
524 silly packumentCache full:https://registry.npmjs.org/jest-diff set size:undefined disposed:false
525 http fetch GET 200 https://registry.npmjs.org/camelcase 61ms (cache miss)
526 silly packumentCache full:https://registry.npmjs.org/camelcase set size:undefined disposed:false
527 http fetch GET 200 https://registry.npmjs.org/expect 118ms (cache miss)
528 silly packumentCache full:https://registry.npmjs.org/expect set size:undefined disposed:false
529 http fetch GET 200 https://registry.npmjs.org/jest-matcher-utils 138ms (cache miss)
530 silly packumentCache full:https://registry.npmjs.org/jest-matcher-utils set size:undefined disposed:false
531 http fetch GET 200 https://registry.npmjs.org/react-is 310ms (cache miss)
532 silly packumentCache full:https://registry.npmjs.org/react-is set size:undefined disposed:false
533 http fetch GET 200 https://registry.npmjs.org/react-is 354ms (cache miss)
534 silly packumentCache full:https://registry.npmjs.org/react-is set size:undefined disposed:false
535 silly placeDep ROOT @bcoe/v8-coverage@0.2.3 OK for: @jest/reporters@30.4.1 want: ^0.2.3
536 silly placeDep ROOT @jridgewell/trace-mapping@0.3.31 OK for: @jest/reporters@30.4.1 want: ^0.3.25
537 silly placeDep ROOT collect-v8-coverage@1.0.3 OK for: @jest/reporters@30.4.1 want: ^1.0.2
538 silly placeDep ROOT glob@10.5.0 OK for: @jest/reporters@30.4.1 want: ^10.5.0
539 silly placeDep ROOT istanbul-lib-coverage@3.2.2 OK for: @jest/reporters@30.4.1 want: ^3.0.0
540 silly placeDep ROOT istanbul-lib-instrument@6.0.3 OK for: @jest/reporters@30.4.1 want: ^6.0.0
541 silly placeDep ROOT istanbul-lib-report@3.0.1 OK for: @jest/reporters@30.4.1 want: ^3.0.0
542 silly placeDep ROOT istanbul-lib-source-maps@5.0.6 OK for: @jest/reporters@30.4.1 want: ^5.0.0
543 silly placeDep ROOT istanbul-reports@3.2.0 OK for: @jest/reporters@30.4.1 want: ^3.1.3
544 silly placeDep ROOT jest-worker@30.4.1 OK for: @jest/reporters@30.4.1 want: 30.4.1
545 silly placeDep ROOT string-length@4.0.2 OK for: @jest/reporters@30.4.1 want: ^4.0.2
546 silly placeDep ROOT v8-to-istanbul@9.3.0 OK for: @jest/reporters@30.4.1 want: ^9.0.1
547 silly fetch manifest @jridgewell/resolve-uri@^3.1.0
548 silly packumentCache full:https://registry.npmjs.org/@jridgewell%2fresolve-uri cache-miss
549 silly fetch manifest @jridgewell/sourcemap-codec@^1.4.14
550 silly packumentCache full:https://registry.npmjs.org/@jridgewell%2fsourcemap-codec cache-miss
551 silly fetch manifest minipass@^7.1.2
552 silly packumentCache full:https://registry.npmjs.org/minipass cache-miss
553 silly fetch manifest jackspeak@^3.1.2
554 silly packumentCache full:https://registry.npmjs.org/jackspeak cache-miss
555 silly fetch manifest minimatch@^9.0.4
556 silly packumentCache full:https://registry.npmjs.org/minimatch cache-miss
557 silly fetch manifest path-scurry@^1.11.1
558 silly packumentCache full:https://registry.npmjs.org/path-scurry cache-miss
559 silly fetch manifest foreground-child@^3.1.0
560 silly packumentCache full:https://registry.npmjs.org/foreground-child cache-miss
561 silly fetch manifest package-json-from-dist@^1.0.0
562 silly packumentCache full:https://registry.npmjs.org/package-json-from-dist cache-miss
563 silly fetch manifest @babel/core@^7.23.9
564 silly packumentCache full:https://registry.npmjs.org/@babel%2fcore cache-miss
565 http cache https://registry.npmjs.org/@babel%2fcore 5ms (cache hit)
566 silly packumentCache full:https://registry.npmjs.org/@babel%2fcore set size:764052 disposed:false
567 silly fetch manifest @babel/parser@^7.23.9
568 silly packumentCache full:https://registry.npmjs.org/@babel%2fparser cache-miss
569 http fetch GET 200 https://registry.npmjs.org/package-json-from-dist 45ms (cache miss)
570 silly packumentCache full:https://registry.npmjs.org/package-json-from-dist set size:undefined disposed:false
571 silly fetch manifest @istanbuljs/schema@^0.1.3
572 silly packumentCache full:https://registry.npmjs.org/@istanbuljs%2fschema cache-miss
573 http fetch GET 200 https://registry.npmjs.org/jackspeak 55ms (cache miss)
574 silly packumentCache full:https://registry.npmjs.org/jackspeak set size:undefined disposed:false
575 silly fetch manifest make-dir@^4.0.0
576 silly packumentCache full:https://registry.npmjs.org/make-dir cache-miss
577 http fetch GET 200 https://registry.npmjs.org/@jridgewell%2fresolve-uri 58ms (cache miss)
578 silly packumentCache full:https://registry.npmjs.org/@jridgewell%2fresolve-uri set size:undefined disposed:false
579 silly fetch manifest html-escaper@^2.0.0
580 silly packumentCache full:https://registry.npmjs.org/html-escaper cache-miss
581 http fetch GET 200 https://registry.npmjs.org/path-scurry 67ms (cache miss)
582 silly packumentCache full:https://registry.npmjs.org/path-scurry set size:undefined disposed:false
583 silly fetch manifest @ungap/structured-clone@^1.3.0
584 silly packumentCache full:https://registry.npmjs.org/@ungap%2fstructured-clone cache-miss
585 http fetch GET 200 https://registry.npmjs.org/minipass 68ms (cache miss)
586 silly packumentCache full:https://registry.npmjs.org/minipass set size:undefined disposed:false
587 silly fetch manifest merge-stream@^2.0.0
588 silly packumentCache full:https://registry.npmjs.org/merge-stream cache-miss
589 http fetch GET 200 https://registry.npmjs.org/foreground-child 75ms (cache miss)
590 silly packumentCache full:https://registry.npmjs.org/foreground-child set size:undefined disposed:false
591 silly fetch manifest supports-color@^8.1.1
592 silly packumentCache full:https://registry.npmjs.org/supports-color cache-miss
593 http cache https://registry.npmjs.org/supports-color 2ms (cache hit)
594 silly packumentCache full:https://registry.npmjs.org/supports-color set size:118680 disposed:false
595 silly fetch manifest char-regex@^1.0.2
596 silly packumentCache full:https://registry.npmjs.org/char-regex cache-miss
597 http fetch GET 200 https://registry.npmjs.org/minimatch 83ms (cache miss)
598 silly packumentCache full:https://registry.npmjs.org/minimatch set size:undefined disposed:false
599 silly fetch manifest strip-ansi@^6.0.0
600 silly packumentCache full:https://registry.npmjs.org/strip-ansi cache-miss
601 http fetch GET 200 https://registry.npmjs.org/@babel%2fparser 93ms (cache miss)
602 silly packumentCache full:https://registry.npmjs.org/@babel%2fparser set size:undefined disposed:false
603 silly fetch manifest @types/istanbul-lib-coverage@^2.0.1
604 silly packumentCache full:https://registry.npmjs.org/@types%2fistanbul-lib-coverage cache-miss
605 http fetch GET 200 https://registry.npmjs.org/make-dir 49ms (cache miss)
606 silly packumentCache full:https://registry.npmjs.org/make-dir set size:undefined disposed:false
607 http cache https://registry.npmjs.org/@types%2fistanbul-lib-coverage 4ms (cache hit)
608 silly packumentCache full:https://registry.npmjs.org/@types%2fistanbul-lib-coverage set size:18110 disposed:false
609 http fetch GET 200 https://registry.npmjs.org/@istanbuljs%2fschema 61ms (cache miss)
610 silly packumentCache full:https://registry.npmjs.org/@istanbuljs%2fschema set size:undefined disposed:false
611 http fetch GET 200 https://registry.npmjs.org/@jridgewell%2fsourcemap-codec 106ms (cache miss)
612 silly packumentCache full:https://registry.npmjs.org/@jridgewell%2fsourcemap-codec set size:undefined disposed:false
613 http fetch GET 200 https://registry.npmjs.org/html-escaper 49ms (cache miss)
614 silly packumentCache full:https://registry.npmjs.org/html-escaper set size:undefined disposed:false
615 http fetch GET 200 https://registry.npmjs.org/@ungap%2fstructured-clone 74ms (cache miss)
616 silly packumentCache full:https://registry.npmjs.org/@ungap%2fstructured-clone set size:undefined disposed:false
617 http fetch GET 200 https://registry.npmjs.org/strip-ansi 72ms (cache miss)
618 silly packumentCache full:https://registry.npmjs.org/strip-ansi set size:undefined disposed:false
619 http fetch GET 200 https://registry.npmjs.org/char-regex 79ms (cache miss)
620 silly packumentCache full:https://registry.npmjs.org/char-regex set size:undefined disposed:false
621 http fetch GET 200 https://registry.npmjs.org/merge-stream 224ms (cache miss)
622 silly packumentCache full:https://registry.npmjs.org/merge-stream set size:undefined disposed:false
623 silly placeDep ROOT @types/istanbul-lib-coverage@2.0.6 OK for: @jest/test-result@30.4.1 want: ^2.0.6
624 silly placeDep ROOT @babel/core@7.29.0 OK for: @jest/transform@30.4.1 want: ^7.27.4
625 silly placeDep ROOT babel-plugin-istanbul@7.0.1 OK for: @jest/transform@30.4.1 want: ^7.0.1
626 silly placeDep ROOT convert-source-map@2.0.0 OK for: @jest/transform@30.4.1 want: ^2.0.0
627 silly placeDep ROOT pirates@4.0.7 OK for: @jest/transform@30.4.1 want: ^4.0.7
628 silly placeDep ROOT write-file-atomic@5.0.1 OK for: @jest/transform@30.4.1 want: ^5.0.1
629 silly fetch manifest json5@^2.2.3
630 silly packumentCache full:https://registry.npmjs.org/json5 cache-miss
631 silly fetch manifest semver@^6.3.1
632 silly packumentCache full:https://registry.npmjs.org/semver cache-miss
633 silly fetch manifest gensync@^1.0.0-beta.2
634 silly packumentCache full:https://registry.npmjs.org/gensync cache-miss
635 silly fetch manifest @babel/types@^7.29.0
636 silly packumentCache full:https://registry.npmjs.org/@babel%2ftypes cache-miss
637 silly fetch manifest @babel/parser@^7.29.0
638 silly packumentCache full:https://registry.npmjs.org/@babel%2fparser cache-miss
639 silly fetch manifest @babel/helpers@^7.28.6
640 silly packumentCache full:https://registry.npmjs.org/@babel%2fhelpers cache-miss
641 silly fetch manifest @babel/template@^7.28.6
642 silly packumentCache full:https://registry.npmjs.org/@babel%2ftemplate cache-miss
643 silly fetch manifest @babel/traverse@^7.29.0
644 silly packumentCache full:https://registry.npmjs.org/@babel%2ftraverse cache-miss
645 silly fetch manifest @babel/generator@^7.29.0
646 silly packumentCache full:https://registry.npmjs.org/@babel%2fgenerator cache-miss
647 http cache https://registry.npmjs.org/@babel%2ftypes 11ms (cache hit)
648 silly packumentCache full:https://registry.npmjs.org/@babel%2ftypes set size:489931 disposed:false
649 silly fetch manifest @babel/code-frame@^7.29.0
650 silly packumentCache full:https://registry.npmjs.org/@babel%2fcode-frame cache-miss
651 http cache https://registry.npmjs.org/@babel%2fgenerator 16ms (cache hit)
652 silly packumentCache full:https://registry.npmjs.org/@babel%2fgenerator set size:509303 disposed:false
653 silly fetch manifest @jridgewell/remapping@^2.3.5
654 silly packumentCache full:https://registry.npmjs.org/@jridgewell%2fremapping cache-miss
655 http cache https://registry.npmjs.org/@babel%2fparser 19ms (cache hit)
656 silly packumentCache full:https://registry.npmjs.org/@babel%2fparser set size:723297 disposed:false
657 silly fetch manifest @babel/helper-module-transforms@^7.28.6
658 silly packumentCache full:https://registry.npmjs.org/@babel%2fhelper-module-transforms cache-miss
659 http cache https://registry.npmjs.org/@babel%2fcode-frame 12ms (cache hit)
660 silly packumentCache full:https://registry.npmjs.org/@babel%2fcode-frame set size:198217 disposed:false
661 silly fetch manifest @babel/helper-compilation-targets@^7.28.6
662 silly packumentCache full:https://registry.npmjs.org/@babel%2fhelper-compilation-targets cache-miss
663 http fetch GET 200 https://registry.npmjs.org/json5 64ms (cache miss)
664 silly packumentCache full:https://registry.npmjs.org/json5 set size:undefined disposed:false
665 silly fetch manifest test-exclude@^6.0.0
666 silly packumentCache full:https://registry.npmjs.org/test-exclude cache-miss
667 http fetch GET 200 https://registry.npmjs.org/@babel%2ftemplate 68ms (cache miss)
668 silly packumentCache full:https://registry.npmjs.org/@babel%2ftemplate set size:undefined disposed:false
669 silly fetch manifest @babel/helper-plugin-utils@^7.0.0
670 silly packumentCache full:https://registry.npmjs.org/@babel%2fhelper-plugin-utils cache-miss
671 http fetch GET 200 https://registry.npmjs.org/gensync 69ms (cache miss)
672 silly packumentCache full:https://registry.npmjs.org/gensync set size:undefined disposed:false
673 silly fetch manifest @istanbuljs/load-nyc-config@^1.0.0
674 silly packumentCache full:https://registry.npmjs.org/@istanbuljs%2fload-nyc-config cache-miss
675 http fetch GET 200 https://registry.npmjs.org/@babel%2fhelpers 83ms (cache miss)
676 silly packumentCache full:https://registry.npmjs.org/@babel%2fhelpers set size:undefined disposed:false
677 silly fetch manifest imurmurhash@^0.1.4
678 silly packumentCache full:https://registry.npmjs.org/imurmurhash cache-miss
679 http fetch GET 200 https://registry.npmjs.org/semver 86ms (cache revalidated)
680 silly packumentCache full:https://registry.npmjs.org/semver set size:233058 disposed:false
681 silly fetch manifest signal-exit@^4.0.1
682 silly packumentCache full:https://registry.npmjs.org/signal-exit cache-miss
683 http fetch GET 200 https://registry.npmjs.org/@babel%2ftraverse 87ms (cache miss)
684 silly packumentCache full:https://registry.npmjs.org/@babel%2ftraverse set size:undefined disposed:false
685 http fetch GET 200 https://registry.npmjs.org/@babel%2fhelper-compilation-targets 63ms (cache miss)
686 silly packumentCache full:https://registry.npmjs.org/@babel%2fhelper-compilation-targets set size:undefined disposed:false
687 http fetch GET 200 https://registry.npmjs.org/imurmurhash 44ms (cache miss)
688 silly packumentCache full:https://registry.npmjs.org/imurmurhash set size:undefined disposed:false
689 http fetch GET 200 https://registry.npmjs.org/signal-exit 46ms (cache miss)
690 silly packumentCache full:https://registry.npmjs.org/signal-exit set size:undefined disposed:false
691 http fetch GET 200 https://registry.npmjs.org/@istanbuljs%2fload-nyc-config 64ms (cache miss)
692 silly packumentCache full:https://registry.npmjs.org/@istanbuljs%2fload-nyc-config set size:undefined disposed:false
693 http fetch GET 200 https://registry.npmjs.org/test-exclude 70ms (cache miss)
694 silly packumentCache full:https://registry.npmjs.org/test-exclude set size:undefined disposed:false
695 http fetch GET 200 https://registry.npmjs.org/@jridgewell%2fremapping 119ms (cache miss)
696 silly packumentCache full:https://registry.npmjs.org/@jridgewell%2fremapping set size:undefined disposed:false
697 http fetch GET 200 https://registry.npmjs.org/@babel%2fhelper-plugin-utils 88ms (cache miss)
698 silly packumentCache full:https://registry.npmjs.org/@babel%2fhelper-plugin-utils set size:undefined disposed:false
699 http fetch GET 200 https://registry.npmjs.org/@babel%2fhelper-module-transforms 229ms (cache miss)
700 silly packumentCache full:https://registry.npmjs.org/@babel%2fhelper-module-transforms set size:undefined disposed:false
701 silly fetch manifest @babel/core@^7.0.0
702 silly packumentCache full:https://registry.npmjs.org/@babel%2fcore cache-hit
703 silly placeDep ROOT @babel/code-frame@7.29.0 OK for: @babel/core@7.29.0 want: ^7.29.0
704 silly placeDep ROOT @babel/generator@7.29.1 OK for: @babel/core@7.29.0 want: ^7.29.0
705 silly placeDep ROOT @babel/helper-compilation-targets@7.28.6 OK for: @babel/core@7.29.0 want: ^7.28.6
706 silly placeDep ROOT @babel/helper-module-transforms@7.28.6 OK for: @babel/core@7.29.0 want: ^7.28.6
707 silly placeDep ROOT @babel/helpers@7.29.2 OK for: @babel/core@7.29.0 want: ^7.28.6
708 silly placeDep ROOT @babel/parser@7.29.3 OK for: @babel/core@7.29.0 want: ^7.29.0
709 silly placeDep ROOT @babel/template@7.28.6 OK for: @babel/core@7.29.0 want: ^7.28.6
710 silly placeDep ROOT @babel/traverse@7.29.0 OK for: @babel/core@7.29.0 want: ^7.29.0
711 silly placeDep ROOT @babel/types@7.29.0 OK for: @babel/core@7.29.0 want: ^7.29.0
712 silly placeDep ROOT @jridgewell/remapping@2.3.5 OK for: @babel/core@7.29.0 want: ^2.3.5
713 silly placeDep ROOT gensync@1.0.0-beta.2 OK for: @babel/core@7.29.0 want: ^1.0.0-beta.2
714 silly placeDep ROOT json5@2.2.3 OK for: @babel/core@7.29.0 want: ^2.2.3
715 silly placeDep node_modules/@babel/core semver@6.3.1 OK for: @babel/core@7.29.0 want: ^6.3.1
716 silly fetch manifest js-tokens@^4.0.0
717 silly packumentCache full:https://registry.npmjs.org/js-tokens cache-miss
718 silly fetch manifest picocolors@^1.1.1
719 silly packumentCache full:https://registry.npmjs.org/picocolors cache-miss
720 silly fetch manifest @babel/helper-validator-identifier@^7.28.5
721 silly packumentCache full:https://registry.npmjs.org/@babel%2fhelper-validator-identifier cache-miss
722 silly fetch manifest jsesc@^3.0.2
723 silly packumentCache full:https://registry.npmjs.org/jsesc cache-miss
724 silly fetch manifest @jridgewell/gen-mapping@^0.3.12
725 silly packumentCache full:https://registry.npmjs.org/@jridgewell%2fgen-mapping cache-miss
726 silly fetch manifest lru-cache@^5.1.1
727 silly packumentCache full:https://registry.npmjs.org/lru-cache cache-miss
728 silly fetch manifest browserslist@^4.24.0
729 silly packumentCache full:https://registry.npmjs.org/browserslist cache-miss
730 silly fetch manifest @babel/compat-data@^7.28.6
731 silly packumentCache full:https://registry.npmjs.org/@babel%2fcompat-data cache-miss
732 silly fetch manifest @babel/helper-validator-option@^7.27.1
733 silly packumentCache full:https://registry.npmjs.org/@babel%2fhelper-validator-option cache-miss
734 http fetch GET 200 https://registry.npmjs.org/picocolors 45ms (cache miss)
735 silly packumentCache full:https://registry.npmjs.org/picocolors set size:undefined disposed:false
736 silly fetch manifest @babel/traverse@^7.28.6
737 silly packumentCache full:https://registry.npmjs.org/@babel%2ftraverse cache-miss
738 http cache https://registry.npmjs.org/@babel%2ftraverse 4ms (cache hit)
739 silly packumentCache full:https://registry.npmjs.org/@babel%2ftraverse set size:550946 disposed:false
740 silly fetch manifest @babel/helper-module-imports@^7.28.6
741 silly packumentCache full:https://registry.npmjs.org/@babel%2fhelper-module-imports cache-miss
742 http fetch GET 200 https://registry.npmjs.org/jsesc 56ms (cache miss)
743 silly packumentCache full:https://registry.npmjs.org/jsesc set size:undefined disposed:false
744 silly fetch manifest @babel/helper-validator-identifier@^7.28.5
745 silly packumentCache full:https://registry.npmjs.org/@babel%2fhelper-validator-identifier cache-miss
746 http fetch GET 200 https://registry.npmjs.org/js-tokens 62ms (cache miss)
747 silly packumentCache full:https://registry.npmjs.org/js-tokens set size:undefined disposed:false
748 silly fetch manifest @babel/types@^7.28.6
749 silly packumentCache full:https://registry.npmjs.org/@babel%2ftypes cache-hit
750 silly fetch manifest @babel/helper-globals@^7.28.0
751 silly packumentCache full:https://registry.npmjs.org/@babel%2fhelper-globals cache-miss
752 http fetch GET 200 https://registry.npmjs.org/@babel%2fhelper-validator-identifier 69ms (cache miss)
753 silly packumentCache full:https://registry.npmjs.org/@babel%2fhelper-validator-identifier set size:undefined disposed:false
754 silly fetch manifest @babel/helper-string-parser@^7.27.1
755 silly packumentCache full:https://registry.npmjs.org/@babel%2fhelper-string-parser cache-miss
756 http fetch GET 200 https://registry.npmjs.org/lru-cache 70ms (cache miss)
757 silly packumentCache full:https://registry.npmjs.org/lru-cache set size:undefined disposed:false
758 silly fetch manifest @jridgewell/gen-mapping@^0.3.5
759 silly packumentCache full:https://registry.npmjs.org/@jridgewell%2fgen-mapping cache-miss
760 http fetch GET 200 https://registry.npmjs.org/@jridgewell%2fgen-mapping 79ms (cache miss)
761 silly packumentCache full:https://registry.npmjs.org/@jridgewell%2fgen-mapping set size:undefined disposed:false
762 http fetch GET 200 https://registry.npmjs.org/browserslist 81ms (cache miss)
763 silly packumentCache full:https://registry.npmjs.org/browserslist set size:undefined disposed:false
764 http fetch GET 200 https://registry.npmjs.org/@babel%2fcompat-data 91ms (cache miss)
765 silly packumentCache full:https://registry.npmjs.org/@babel%2fcompat-data set size:undefined disposed:false
766 http fetch GET 200 https://registry.npmjs.org/@babel%2fhelper-validator-identifier 63ms (cache miss)
767 silly packumentCache full:https://registry.npmjs.org/@babel%2fhelper-validator-identifier set size:undefined disposed:false
768 http fetch GET 200 https://registry.npmjs.org/@babel%2fhelper-module-imports 72ms (cache miss)
769 silly packumentCache full:https://registry.npmjs.org/@babel%2fhelper-module-imports set size:undefined disposed:false
770 http fetch GET 200 https://registry.npmjs.org/@babel%2fhelper-string-parser 65ms (cache miss)
771 silly packumentCache full:https://registry.npmjs.org/@babel%2fhelper-string-parser set size:undefined disposed:false
772 http fetch GET 200 https://registry.npmjs.org/@babel%2fhelper-globals 72ms (cache miss)
773 silly packumentCache full:https://registry.npmjs.org/@babel%2fhelper-globals set size:undefined disposed:false
774 http fetch GET 200 https://registry.npmjs.org/@jridgewell%2fgen-mapping 63ms (cache miss)
775 silly packumentCache full:https://registry.npmjs.org/@jridgewell%2fgen-mapping set size:undefined disposed:false
776 http fetch GET 200 https://registry.npmjs.org/@babel%2fhelper-validator-option 213ms (cache miss)
777 silly packumentCache full:https://registry.npmjs.org/@babel%2fhelper-validator-option set size:undefined disposed:false
778 silly placeDep ROOT @babel/helper-validator-identifier@7.28.5 OK for: @babel/code-frame@7.29.0 want: ^7.28.5
779 silly placeDep ROOT js-tokens@4.0.0 OK for: @babel/code-frame@7.29.0 want: ^4.0.0
780 silly placeDep ROOT picocolors@1.1.1 OK for: @babel/code-frame@7.29.0 want: ^1.1.1
781 silly placeDep ROOT @jridgewell/gen-mapping@0.3.13 OK for: @babel/generator@7.29.1 want: ^0.3.12
782 silly placeDep ROOT jsesc@3.1.0 OK for: @babel/generator@7.29.1 want: ^3.0.2
783 silly fetch manifest @jridgewell/sourcemap-codec@^1.5.0
784 silly packumentCache full:https://registry.npmjs.org/@jridgewell%2fsourcemap-codec cache-miss
785 http cache https://registry.npmjs.org/@jridgewell%2fsourcemap-codec 4ms (cache hit)
786 silly packumentCache full:https://registry.npmjs.org/@jridgewell%2fsourcemap-codec set size:59275 disposed:false
787 silly placeDep ROOT @babel/compat-data@7.29.3 OK for: @babel/helper-compilation-targets@7.28.6 want: ^7.28.6
788 silly placeDep ROOT @babel/helper-validator-option@7.27.1 OK for: @babel/helper-compilation-targets@7.28.6 want: ^7.27.1
789 silly placeDep ROOT browserslist@4.28.2 OK for: @babel/helper-compilation-targets@7.28.6 want: ^4.24.0
790 silly placeDep ROOT lru-cache@5.1.1 OK for: @babel/helper-compilation-targets@7.28.6 want: ^5.1.1
791 silly placeDep node_modules/@babel/helper-compilation-targets semver@6.3.1 OK for: @babel/helper-compilation-targets@7.28.6 want: ^6.3.1
792 silly fetch manifest baseline-browser-mapping@^2.10.12
793 silly packumentCache full:https://registry.npmjs.org/baseline-browser-mapping cache-miss
794 silly fetch manifest caniuse-lite@^1.0.30001782
795 silly packumentCache full:https://registry.npmjs.org/caniuse-lite cache-miss
796 silly fetch manifest electron-to-chromium@^1.5.328
797 silly packumentCache full:https://registry.npmjs.org/electron-to-chromium cache-miss
798 silly fetch manifest node-releases@^2.0.36
799 silly packumentCache full:https://registry.npmjs.org/node-releases cache-miss
800 silly fetch manifest update-browserslist-db@^1.2.3
801 silly packumentCache full:https://registry.npmjs.org/update-browserslist-db cache-miss
802 silly fetch manifest yallist@^3.0.2
803 silly packumentCache full:https://registry.npmjs.org/yallist cache-miss
804 http fetch GET 200 https://registry.npmjs.org/yallist 52ms (cache miss)
805 silly packumentCache full:https://registry.npmjs.org/yallist set size:undefined disposed:false
806 http fetch GET 200 https://registry.npmjs.org/update-browserslist-db 52ms (cache miss)
807 silly packumentCache full:https://registry.npmjs.org/update-browserslist-db set size:undefined disposed:false
808 http fetch GET 200 https://registry.npmjs.org/node-releases 62ms (cache miss)
809 silly packumentCache full:https://registry.npmjs.org/node-releases set size:undefined disposed:false
810 http fetch GET 200 https://registry.npmjs.org/baseline-browser-mapping 64ms (cache miss)
811 silly packumentCache full:https://registry.npmjs.org/baseline-browser-mapping set size:undefined disposed:false
812 http fetch GET 200 https://registry.npmjs.org/caniuse-lite 178ms (cache miss)
813 silly packumentCache full:https://registry.npmjs.org/caniuse-lite set size:undefined disposed:false
814 http fetch GET 200 https://registry.npmjs.org/electron-to-chromium 242ms (cache miss)
815 silly packumentCache full:https://registry.npmjs.org/electron-to-chromium set size:undefined disposed:false
816 silly placeDep ROOT @babel/helper-module-imports@7.28.6 OK for: @babel/helper-module-transforms@7.28.6 want: ^7.28.6
817 silly placeDep ROOT @babel/helper-globals@7.28.0 OK for: @babel/traverse@7.29.0 want: ^7.28.0
818 silly placeDep ROOT @babel/helper-string-parser@7.27.1 OK for: @babel/types@7.29.0 want: ^7.27.1
819 silly placeDep ROOT @jest/schemas@30.4.1 OK for: @jest/types@30.4.1 want: 30.4.1
820 silly placeDep ROOT @types/istanbul-reports@3.0.4 OK for: @jest/types@30.4.1 want: ^3.0.4
821 silly placeDep ROOT @types/yargs@17.0.35 OK for: @jest/types@30.4.1 want: ^17.0.33
822 silly fetch manifest @sinclair/typebox@^0.34.0
823 silly packumentCache full:https://registry.npmjs.org/@sinclair%2ftypebox cache-miss
824 silly fetch manifest @types/istanbul-lib-report@*
825 silly packumentCache full:https://registry.npmjs.org/@types%2fistanbul-lib-report cache-miss
826 silly fetch manifest @types/yargs-parser@*
827 silly packumentCache full:https://registry.npmjs.org/@types%2fyargs-parser cache-miss
828 http fetch GET 200 https://registry.npmjs.org/@types%2fistanbul-lib-report 56ms (cache miss)
829 silly packumentCache full:https://registry.npmjs.org/@types%2fistanbul-lib-report set size:undefined disposed:false
830 http fetch GET 200 https://registry.npmjs.org/@types%2fyargs-parser 123ms (cache miss)
831 silly packumentCache full:https://registry.npmjs.org/@types%2fyargs-parser set size:undefined disposed:false
832 http fetch GET 200 https://registry.npmjs.org/@sinclair%2ftypebox 131ms (cache miss)
833 silly packumentCache full:https://registry.npmjs.org/@sinclair%2ftypebox set size:undefined disposed:false
834 silly placeDep ROOT @sinclair/typebox@0.34.49 OK for: @jest/schemas@30.4.1 want: ^0.34.0
835 silly placeDep ROOT @jridgewell/sourcemap-codec@1.5.5 OK for: @jridgewell/gen-mapping@0.3.13 want: ^1.5.0
836 silly placeDep ROOT @jridgewell/resolve-uri@3.1.2 OK for: @jridgewell/trace-mapping@0.3.31 want: ^3.1.0
837 silly placeDep ROOT @types/istanbul-lib-report@3.0.3 OK for: @types/istanbul-reports@3.0.4 want: *
838 silly placeDep ROOT undici-types@7.21.0 OK for: @types/node@25.7.0 want: ~7.21.0
839 silly placeDep ROOT @types/yargs-parser@21.0.3 OK for: @types/yargs@17.0.35 want: *
840 silly placeDep ROOT type-fest@0.21.3 OK for: ansi-escapes@4.3.2 want: ^0.21.3
841 silly placeDep ROOT @babel/helper-plugin-utils@7.28.6 OK for: babel-plugin-istanbul@7.0.1 want: ^7.0.0
842 silly placeDep ROOT @istanbuljs/load-nyc-config@1.1.0 OK for: babel-plugin-istanbul@7.0.1 want: ^1.0.0
843 silly placeDep ROOT @istanbuljs/schema@0.1.6 OK for: babel-plugin-istanbul@7.0.1 want: ^0.1.3
844 silly placeDep ROOT test-exclude@6.0.0 OK for: babel-plugin-istanbul@7.0.1 want: ^6.0.0
845 silly fetch manifest camelcase@^5.3.1
846 silly packumentCache full:https://registry.npmjs.org/camelcase cache-miss
847 silly fetch manifest find-up@^4.1.0
848 silly packumentCache full:https://registry.npmjs.org/find-up cache-miss
849 silly fetch manifest get-package-type@^0.1.0
850 silly packumentCache full:https://registry.npmjs.org/get-package-type cache-miss
851 silly fetch manifest js-yaml@^3.13.1
852 silly packumentCache full:https://registry.npmjs.org/js-yaml cache-miss
853 silly fetch manifest resolve-from@^5.0.0
854 silly packumentCache full:https://registry.npmjs.org/resolve-from cache-miss
855 silly fetch manifest glob@^7.1.4
856 silly packumentCache full:https://registry.npmjs.org/glob cache-miss
857 silly fetch manifest minimatch@^3.0.4
858 silly packumentCache full:https://registry.npmjs.org/minimatch cache-miss
859 http cache https://registry.npmjs.org/camelcase 4ms (cache hit)
860 silly packumentCache full:https://registry.npmjs.org/camelcase set size:60255 disposed:false
861 http cache https://registry.npmjs.org/minimatch 4ms (cache hit)
862 silly packumentCache full:https://registry.npmjs.org/minimatch set size:375282 disposed:false
863 http cache https://registry.npmjs.org/glob 7ms (cache hit)
864 silly packumentCache full:https://registry.npmjs.org/glob set size:469465 disposed:false
865 http fetch GET 200 https://registry.npmjs.org/resolve-from 45ms (cache miss)
866 silly packumentCache full:https://registry.npmjs.org/resolve-from set size:undefined disposed:false
867 http fetch GET 200 https://registry.npmjs.org/get-package-type 45ms (cache miss)
868 silly packumentCache full:https://registry.npmjs.org/get-package-type set size:undefined disposed:false
869 http fetch GET 200 https://registry.npmjs.org/js-yaml 61ms (cache miss)
870 silly packumentCache full:https://registry.npmjs.org/js-yaml set size:undefined disposed:false
871 http fetch GET 200 https://registry.npmjs.org/find-up 74ms (cache miss)
872 silly packumentCache full:https://registry.npmjs.org/find-up set size:undefined disposed:false
873 silly placeDep ROOT camelcase@5.3.1 OK for: @istanbuljs/load-nyc-config@1.1.0 want: ^5.3.1
874 silly placeDep ROOT find-up@4.1.0 OK for: @istanbuljs/load-nyc-config@1.1.0 want: ^4.1.0
875 silly placeDep ROOT get-package-type@0.1.0 OK for: @istanbuljs/load-nyc-config@1.1.0 want: ^0.1.0
876 silly placeDep ROOT js-yaml@3.14.2 OK for: @istanbuljs/load-nyc-config@1.1.0 want: ^3.13.1
877 silly placeDep ROOT resolve-from@5.0.0 OK for: @istanbuljs/load-nyc-config@1.1.0 want: ^5.0.0
878 silly fetch manifest locate-path@^5.0.0
879 silly packumentCache full:https://registry.npmjs.org/locate-path cache-miss
880 silly fetch manifest path-exists@^4.0.0
881 silly packumentCache full:https://registry.npmjs.org/path-exists cache-miss
882 silly fetch manifest esprima@^4.0.0
883 silly packumentCache full:https://registry.npmjs.org/esprima cache-miss
884 silly fetch manifest argparse@^1.0.7
885 silly packumentCache full:https://registry.npmjs.org/argparse cache-miss
886 http fetch GET 200 https://registry.npmjs.org/esprima 55ms (cache miss)
887 silly packumentCache full:https://registry.npmjs.org/esprima set size:undefined disposed:false
888 http fetch GET 200 https://registry.npmjs.org/path-exists 60ms (cache miss)
889 silly packumentCache full:https://registry.npmjs.org/path-exists set size:undefined disposed:false
890 http fetch GET 200 https://registry.npmjs.org/locate-path 62ms (cache miss)
891 silly packumentCache full:https://registry.npmjs.org/locate-path set size:undefined disposed:false
892 http fetch GET 200 https://registry.npmjs.org/argparse 62ms (cache miss)
893 silly packumentCache full:https://registry.npmjs.org/argparse set size:undefined disposed:false
894 silly fetch manifest browserslist@>= 4.21.0
895 silly packumentCache full:https://registry.npmjs.org/browserslist cache-miss
896 http cache https://registry.npmjs.org/browserslist 3ms (cache hit)
897 silly packumentCache full:https://registry.npmjs.org/browserslist set size:504681 disposed:false
898 silly placeDep ROOT baseline-browser-mapping@2.10.29 OK for: browserslist@4.28.2 want: ^2.10.12
899 silly placeDep ROOT caniuse-lite@1.0.30001792 OK for: browserslist@4.28.2 want: ^1.0.30001782
900 silly placeDep ROOT electron-to-chromium@1.5.353 OK for: browserslist@4.28.2 want: ^1.5.328
901 silly placeDep ROOT node-releases@2.0.44 OK for: browserslist@4.28.2 want: ^2.0.36
902 silly placeDep ROOT update-browserslist-db@1.2.3 OK for: browserslist@4.28.2 want: ^1.2.3
903 silly fetch manifest escalade@^3.2.0
904 silly packumentCache full:https://registry.npmjs.org/escalade cache-miss
905 http fetch GET 200 https://registry.npmjs.org/escalade 58ms (cache miss)
906 silly packumentCache full:https://registry.npmjs.org/escalade set size:undefined disposed:false
907 silly placeDep ROOT ansi-styles@4.3.0 OK for: chalk@4.1.2 want: ^4.1.0
908 silly placeDep ROOT supports-color@7.2.0 OK for: chalk@4.1.2 want: ^7.1.0
909 silly fetch manifest color-convert@^2.0.1
910 silly packumentCache full:https://registry.npmjs.org/color-convert cache-miss
911 silly fetch manifest has-flag@^4.0.0
912 silly packumentCache full:https://registry.npmjs.org/has-flag cache-miss
913 http fetch GET 200 https://registry.npmjs.org/has-flag 43ms (cache miss)
914 silly packumentCache full:https://registry.npmjs.org/has-flag set size:undefined disposed:false
915 http fetch GET 200 https://registry.npmjs.org/color-convert 47ms (cache miss)
916 silly packumentCache full:https://registry.npmjs.org/color-convert set size:undefined disposed:false
917 silly placeDep ROOT color-convert@2.0.1 OK for: ansi-styles@4.3.0 want: ^2.0.1
918 silly fetch manifest color-name@~1.1.4
919 silly packumentCache full:https://registry.npmjs.org/color-name cache-miss
920 http fetch GET 200 https://registry.npmjs.org/color-name 46ms (cache miss)
921 silly packumentCache full:https://registry.npmjs.org/color-name set size:undefined disposed:false
922 silly placeDep ROOT color-name@1.1.4 OK for: color-convert@2.0.1 want: ~1.1.4
923 silly placeDep ROOT locate-path@5.0.0 OK for: find-up@4.1.0 want: ^5.0.0
924 silly placeDep ROOT path-exists@4.0.0 OK for: find-up@4.1.0 want: ^4.0.0
925 silly fetch manifest p-locate@^4.1.0
926 silly packumentCache full:https://registry.npmjs.org/p-locate cache-miss
927 http fetch GET 200 https://registry.npmjs.org/p-locate 50ms (cache miss)
928 silly packumentCache full:https://registry.npmjs.org/p-locate set size:undefined disposed:false
929 silly placeDep ROOT foreground-child@3.3.1 OK for: glob@10.5.0 want: ^3.1.0
930 silly placeDep ROOT jackspeak@3.4.3 OK for: glob@10.5.0 want: ^3.1.2
931 silly placeDep ROOT minimatch@9.0.9 OK for: glob@10.5.0 want: ^9.0.4
932 silly placeDep ROOT minipass@7.1.3 OK for: glob@10.5.0 want: ^7.1.2
933 silly placeDep ROOT package-json-from-dist@1.0.1 OK for: glob@10.5.0 want: ^1.0.0
934 silly placeDep ROOT path-scurry@1.11.1 OK for: glob@10.5.0 want: ^1.11.1
935 silly fetch manifest cross-spawn@^7.0.6
936 silly packumentCache full:https://registry.npmjs.org/cross-spawn cache-miss
937 silly fetch manifest @isaacs/cliui@^8.0.2
938 silly packumentCache full:https://registry.npmjs.org/@isaacs%2fcliui cache-miss
939 silly fetch manifest @pkgjs/parseargs@^0.11.0
940 silly packumentCache full:https://registry.npmjs.org/@pkgjs%2fparseargs cache-miss
941 silly fetch manifest brace-expansion@^2.0.2
942 silly packumentCache full:https://registry.npmjs.org/brace-expansion cache-miss
943 silly fetch manifest lru-cache@^10.2.0
944 silly packumentCache full:https://registry.npmjs.org/lru-cache cache-miss
945 http cache https://registry.npmjs.org/lru-cache 4ms (cache hit)
946 silly packumentCache full:https://registry.npmjs.org/lru-cache set size:443567 disposed:false
947 http fetch GET 200 https://registry.npmjs.org/cross-spawn 47ms (cache miss)
948 silly packumentCache full:https://registry.npmjs.org/cross-spawn set size:undefined disposed:false
949 http fetch GET 200 https://registry.npmjs.org/brace-expansion 76ms (cache miss)
950 silly packumentCache full:https://registry.npmjs.org/brace-expansion set size:undefined disposed:false
951 http fetch GET 200 https://registry.npmjs.org/@isaacs%2fcliui 82ms (cache miss)
952 silly packumentCache full:https://registry.npmjs.org/@isaacs%2fcliui set size:undefined disposed:false
953 http fetch GET 200 https://registry.npmjs.org/@pkgjs%2fparseargs 113ms (cache miss)
954 silly packumentCache full:https://registry.npmjs.org/@pkgjs%2fparseargs set size:undefined disposed:false
955 silly placeDep ROOT cross-spawn@7.0.6 OK for: foreground-child@3.3.1 want: ^7.0.6
956 silly placeDep ROOT signal-exit@4.1.0 OK for: foreground-child@3.3.1 want: ^4.0.1
957 silly fetch manifest which@^2.0.1
958 silly packumentCache full:https://registry.npmjs.org/which cache-miss
959 silly fetch manifest path-key@^3.1.0
960 silly packumentCache full:https://registry.npmjs.org/path-key cache-miss
961 silly fetch manifest shebang-command@^2.0.0
962 silly packumentCache full:https://registry.npmjs.org/shebang-command cache-miss
963 http fetch GET 200 https://registry.npmjs.org/path-key 44ms (cache miss)
964 silly packumentCache full:https://registry.npmjs.org/path-key set size:undefined disposed:false
965 http fetch GET 200 https://registry.npmjs.org/shebang-command 52ms (cache miss)
966 silly packumentCache full:https://registry.npmjs.org/shebang-command set size:undefined disposed:false
967 http fetch GET 200 https://registry.npmjs.org/which 68ms (cache miss)
968 silly packumentCache full:https://registry.npmjs.org/which set size:undefined disposed:false
969 silly placeDep ROOT path-key@3.1.1 OK for: cross-spawn@7.0.6 want: ^3.1.0
970 silly placeDep ROOT shebang-command@2.0.0 OK for: cross-spawn@7.0.6 want: ^2.0.0
971 silly placeDep ROOT which@2.0.2 OK for: cross-spawn@7.0.6 want: ^2.0.1
972 silly fetch manifest shebang-regex@^3.0.0
973 silly packumentCache full:https://registry.npmjs.org/shebang-regex cache-miss
974 silly fetch manifest isexe@^2.0.0
975 silly packumentCache full:https://registry.npmjs.org/isexe cache-miss
976 http fetch GET 200 https://registry.npmjs.org/isexe 47ms (cache miss)
977 silly packumentCache full:https://registry.npmjs.org/isexe set size:undefined disposed:false
978 http fetch GET 200 https://registry.npmjs.org/shebang-regex 57ms (cache miss)
979 silly packumentCache full:https://registry.npmjs.org/shebang-regex set size:undefined disposed:false
980 silly placeDep ROOT pkg-dir@4.2.0 OK for: import-local@3.2.0 want: ^4.2.0
981 silly placeDep ROOT resolve-cwd@3.0.0 OK for: import-local@3.2.0 want: ^3.0.0
982 silly placeDep ROOT make-dir@4.0.0 OK for: istanbul-lib-report@3.0.1 want: ^4.0.0
983 silly placeDep ROOT html-escaper@2.0.2 OK for: istanbul-reports@3.2.0 want: ^2.0.0
984 silly placeDep ROOT @isaacs/cliui@8.0.2 OK for: jackspeak@3.4.3 want: ^8.0.2
985 silly placeDep ROOT @pkgjs/parseargs@0.11.0 OK for: jackspeak@3.4.3 want: ^0.11.0
986 silly fetch manifest wrap-ansi@^8.1.0
987 silly packumentCache full:https://registry.npmjs.org/wrap-ansi cache-miss
988 silly fetch manifest strip-ansi@^7.0.1
989 silly packumentCache full:https://registry.npmjs.org/strip-ansi cache-miss
990 silly fetch manifest string-width@^5.1.2
991 silly packumentCache full:https://registry.npmjs.org/string-width cache-miss
992 silly fetch manifest wrap-ansi-cjs@npm:wrap-ansi@^7.0.0
993 silly packumentCache full:https://registry.npmjs.org/wrap-ansi cache-miss
994 silly fetch manifest strip-ansi-cjs@npm:strip-ansi@^6.0.1
995 silly packumentCache full:https://registry.npmjs.org/strip-ansi cache-miss
996 silly fetch manifest string-width-cjs@npm:string-width@^4.2.0
997 silly packumentCache full:https://registry.npmjs.org/string-width cache-miss
998 http cache https://registry.npmjs.org/strip-ansi 4ms (cache hit)
999 silly packumentCache full:https://registry.npmjs.org/strip-ansi set size:44998 disposed:false
1000 http cache https://registry.npmjs.org/strip-ansi 5ms (cache hit)
1001 silly packumentCache full:https://registry.npmjs.org/strip-ansi set size:44998 disposed:false
1002 silly packumentCache full:https://registry.npmjs.org/strip-ansi dispose
1003 http fetch GET 200 https://registry.npmjs.org/wrap-ansi 47ms (cache miss)
1004 silly packumentCache full:https://registry.npmjs.org/wrap-ansi set size:undefined disposed:false
1005 http fetch GET 200 https://registry.npmjs.org/string-width 60ms (cache miss)
1006 silly packumentCache full:https://registry.npmjs.org/string-width set size:undefined disposed:false
1007 http fetch GET 200 https://registry.npmjs.org/string-width 62ms (cache miss)
1008 silly packumentCache full:https://registry.npmjs.org/string-width set size:undefined disposed:false
1009 http fetch GET 200 https://registry.npmjs.org/wrap-ansi 68ms (cache miss)
1010 silly packumentCache full:https://registry.npmjs.org/wrap-ansi set size:undefined disposed:false
1011 silly placeDep ROOT string-width@5.1.2 OK for: @isaacs/cliui@8.0.2 want: ^5.1.2
1012 silly placeDep ROOT string-width-cjs@4.2.3 OK for: @isaacs/cliui@8.0.2 want: npm:string-width@^4.2.0
1013 silly placeDep ROOT strip-ansi@7.2.0 OK for: @isaacs/cliui@8.0.2 want: ^7.0.1
1014 silly placeDep ROOT strip-ansi-cjs@6.0.1 OK for: @isaacs/cliui@8.0.2 want: npm:strip-ansi@^6.0.1
1015 silly placeDep ROOT wrap-ansi@8.1.0 OK for: @isaacs/cliui@8.0.2 want: ^8.1.0
1016 silly placeDep ROOT wrap-ansi-cjs@7.0.0 OK for: @isaacs/cliui@8.0.2 want: npm:wrap-ansi@^7.0.0
1017 silly fetch manifest emoji-regex@^9.2.2
1018 silly packumentCache full:https://registry.npmjs.org/emoji-regex cache-miss
1019 silly fetch manifest eastasianwidth@^0.2.0
1020 silly packumentCache full:https://registry.npmjs.org/eastasianwidth cache-miss
1021 silly fetch manifest strip-ansi@^6.0.1
1022 silly packumentCache full:https://registry.npmjs.org/strip-ansi cache-hit
1023 silly fetch manifest emoji-regex@^8.0.0
1024 silly packumentCache full:https://registry.npmjs.org/emoji-regex cache-miss
1025 silly fetch manifest is-fullwidth-code-point@^3.0.0
1026 silly packumentCache full:https://registry.npmjs.org/is-fullwidth-code-point cache-miss
1027 silly fetch manifest ansi-regex@^6.2.2
1028 silly packumentCache full:https://registry.npmjs.org/ansi-regex cache-miss
1029 silly fetch manifest ansi-regex@^5.0.1
1030 silly packumentCache full:https://registry.npmjs.org/ansi-regex cache-miss
1031 silly fetch manifest ansi-styles@^6.1.0
1032 silly packumentCache full:https://registry.npmjs.org/ansi-styles cache-hit
1033 silly fetch manifest string-width@^4.1.0
1034 silly packumentCache full:https://registry.npmjs.org/string-width cache-miss
1035 http cache https://registry.npmjs.org/string-width 3ms (cache hit)
1036 silly packumentCache full:https://registry.npmjs.org/string-width set size:70381 disposed:false
1037 http fetch GET 200 https://registry.npmjs.org/eastasianwidth 48ms (cache miss)
1038 silly packumentCache full:https://registry.npmjs.org/eastasianwidth set size:undefined disposed:false
1039 http fetch GET 200 https://registry.npmjs.org/ansi-regex 50ms (cache miss)
1040 silly packumentCache full:https://registry.npmjs.org/ansi-regex set size:undefined disposed:false
1041 http fetch GET 200 https://registry.npmjs.org/emoji-regex 50ms (cache miss)
1042 silly packumentCache full:https://registry.npmjs.org/emoji-regex set size:undefined disposed:false
1043 http fetch GET 200 https://registry.npmjs.org/is-fullwidth-code-point 51ms (cache miss)
1044 silly packumentCache full:https://registry.npmjs.org/is-fullwidth-code-point set size:undefined disposed:false
1045 http fetch GET 200 https://registry.npmjs.org/ansi-regex 51ms (cache miss)
1046 silly packumentCache full:https://registry.npmjs.org/ansi-regex set size:undefined disposed:false
1047 http fetch GET 200 https://registry.npmjs.org/emoji-regex 70ms (cache miss)
1048 silly packumentCache full:https://registry.npmjs.org/emoji-regex set size:undefined disposed:false
1049 silly placeDep ROOT execa@5.1.1 OK for: jest-changed-files@30.4.1 want: ^5.1.1
1050 silly placeDep ROOT p-limit@3.1.0 OK for: jest-changed-files@30.4.1 want: ^3.1.0
1051 silly fetch manifest onetime@^5.1.2
1052 silly packumentCache full:https://registry.npmjs.org/onetime cache-miss
1053 silly fetch manifest is-stream@^2.0.0
1054 silly packumentCache full:https://registry.npmjs.org/is-stream cache-miss
1055 silly fetch manifest get-stream@^6.0.0
1056 silly packumentCache full:https://registry.npmjs.org/get-stream cache-miss
1057 silly fetch manifest signal-exit@^3.0.3
1058 silly packumentCache full:https://registry.npmjs.org/signal-exit cache-miss
1059 silly fetch manifest npm-run-path@^4.0.1
1060 silly packumentCache full:https://registry.npmjs.org/npm-run-path cache-miss
1061 silly fetch manifest human-signals@^2.1.0
1062 silly packumentCache full:https://registry.npmjs.org/human-signals cache-miss
1063 silly fetch manifest strip-final-newline@^2.0.0
1064 silly packumentCache full:https://registry.npmjs.org/strip-final-newline cache-miss
1065 silly fetch manifest yocto-queue@^0.1.0
1066 silly packumentCache full:https://registry.npmjs.org/yocto-queue cache-miss
1067 http cache https://registry.npmjs.org/signal-exit 4ms (cache hit)
1068 silly packumentCache full:https://registry.npmjs.org/signal-exit set size:53489 disposed:false
1069 http fetch GET 200 https://registry.npmjs.org/npm-run-path 48ms (cache miss)
1070 silly packumentCache full:https://registry.npmjs.org/npm-run-path set size:undefined disposed:false
1071 http fetch GET 200 https://registry.npmjs.org/human-signals 53ms (cache miss)
1072 silly packumentCache full:https://registry.npmjs.org/human-signals set size:undefined disposed:false
1073 http fetch GET 200 https://registry.npmjs.org/yocto-queue 54ms (cache miss)
1074 silly packumentCache full:https://registry.npmjs.org/yocto-queue set size:undefined disposed:false
1075 http fetch GET 200 https://registry.npmjs.org/strip-final-newline 56ms (cache miss)
1076 silly packumentCache full:https://registry.npmjs.org/strip-final-newline set size:undefined disposed:false
1077 http fetch GET 200 https://registry.npmjs.org/onetime 63ms (cache miss)
1078 silly packumentCache full:https://registry.npmjs.org/onetime set size:undefined disposed:false
1079 http fetch GET 200 https://registry.npmjs.org/is-stream 63ms (cache miss)
1080 silly packumentCache full:https://registry.npmjs.org/is-stream set size:undefined disposed:false
1081 http fetch GET 200 https://registry.npmjs.org/get-stream 71ms (cache miss)
1082 silly packumentCache full:https://registry.npmjs.org/get-stream set size:undefined disposed:false
1083 silly placeDep ROOT get-stream@6.0.1 OK for: execa@5.1.1 want: ^6.0.0
1084 silly placeDep ROOT human-signals@2.1.0 OK for: execa@5.1.1 want: ^2.1.0
1085 silly placeDep ROOT is-stream@2.0.1 OK for: execa@5.1.1 want: ^2.0.0
1086 silly placeDep ROOT merge-stream@2.0.0 OK for: execa@5.1.1 want: ^2.0.0
1087 silly placeDep ROOT npm-run-path@4.0.1 OK for: execa@5.1.1 want: ^4.0.1
1088 silly placeDep ROOT onetime@5.1.2 OK for: execa@5.1.1 want: ^5.1.2
1089 silly placeDep node_modules/execa signal-exit@3.0.7 OK for: execa@5.1.1 want: ^3.0.3
1090 silly placeDep ROOT strip-final-newline@2.0.0 OK for: execa@5.1.1 want: ^2.0.0
1091 silly fetch manifest mimic-fn@^2.1.0
1092 silly packumentCache full:https://registry.npmjs.org/mimic-fn cache-miss
1093 http fetch GET 200 https://registry.npmjs.org/mimic-fn 48ms (cache miss)
1094 silly packumentCache full:https://registry.npmjs.org/mimic-fn set size:undefined disposed:false
1095 silly placeDep ROOT yargs@17.7.2 OK for: jest-cli@30.4.2 want: ^17.7.2
1096 silly fetch manifest y18n@^5.0.5
1097 silly packumentCache full:https://registry.npmjs.org/y18n cache-miss
1098 silly fetch manifest cliui@^8.0.1
1099 silly packumentCache full:https://registry.npmjs.org/cliui cache-miss
1100 silly fetch manifest escalade@^3.1.1
1101 silly packumentCache full:https://registry.npmjs.org/escalade cache-miss
1102 silly fetch manifest string-width@^4.2.3
1103 silly packumentCache full:https://registry.npmjs.org/string-width cache-hit
1104 silly fetch manifest yargs-parser@^21.1.1
1105 silly packumentCache full:https://registry.npmjs.org/yargs-parser cache-miss
1106 silly fetch manifest get-caller-file@^2.0.5
1107 silly packumentCache full:https://registry.npmjs.org/get-caller-file cache-miss
1108 silly fetch manifest require-directory@^2.1.1
1109 silly packumentCache full:https://registry.npmjs.org/require-directory cache-miss
1110 http cache https://registry.npmjs.org/escalade 6ms (cache hit)
1111 silly packumentCache full:https://registry.npmjs.org/escalade set size:33724 disposed:false
1112 http fetch GET 200 https://registry.npmjs.org/cliui 47ms (cache miss)
1113 silly packumentCache full:https://registry.npmjs.org/cliui set size:undefined disposed:false
1114 http fetch GET 200 https://registry.npmjs.org/get-caller-file 50ms (cache miss)
1115 silly packumentCache full:https://registry.npmjs.org/get-caller-file set size:undefined disposed:false
1116 http fetch GET 200 https://registry.npmjs.org/require-directory 54ms (cache miss)
1117 silly packumentCache full:https://registry.npmjs.org/require-directory set size:undefined disposed:false
1118 http fetch GET 200 https://registry.npmjs.org/yargs-parser 66ms (cache miss)
1119 silly packumentCache full:https://registry.npmjs.org/yargs-parser set size:undefined disposed:false
1120 http fetch GET 200 https://registry.npmjs.org/y18n 68ms (cache miss)
1121 silly packumentCache full:https://registry.npmjs.org/y18n set size:undefined disposed:false
1122 silly placeDep ROOT @jest/get-type@30.1.0 OK for: jest-config@30.4.2 want: 30.1.0
1123 silly placeDep ROOT @jest/test-sequencer@30.4.1 OK for: jest-config@30.4.2 want: 30.4.1
1124 silly placeDep ROOT babel-jest@30.4.1 OK for: jest-config@30.4.2 want: 30.4.1
1125 silly placeDep ROOT deepmerge@4.3.1 OK for: jest-config@30.4.2 want: ^4.3.1
1126 silly placeDep ROOT jest-circus@30.4.2 OK for: jest-config@30.4.2 want: 30.4.2
1127 silly placeDep ROOT jest-docblock@30.4.0 OK for: jest-config@30.4.2 want: 30.4.0
1128 silly placeDep ROOT jest-environment-node@30.4.1 OK for: jest-config@30.4.2 want: 30.4.1
1129 silly placeDep ROOT parse-json@5.2.0 OK for: jest-config@30.4.2 want: ^5.2.0
1130 silly placeDep ROOT strip-json-comments@3.1.1 OK for: jest-config@30.4.2 want: ^3.1.1
1131 silly fetch manifest @types/babel__core@^7.20.5
1132 silly packumentCache full:https://registry.npmjs.org/@types%2fbabel__core cache-miss
1133 silly fetch manifest babel-preset-jest@30.4.0
1134 silly packumentCache full:https://registry.npmjs.org/babel-preset-jest cache-miss
1135 silly fetch manifest @jest/expect@30.4.1
1136 silly packumentCache full:https://registry.npmjs.org/@jest%2fexpect cache-miss
1137 silly fetch manifest co@^4.6.0
1138 silly packumentCache full:https://registry.npmjs.org/co cache-miss
1139 silly fetch manifest dedent@^1.6.0
1140 silly packumentCache full:https://registry.npmjs.org/dedent cache-miss
1141 silly fetch manifest is-generator-fn@^2.1.0
1142 silly packumentCache full:https://registry.npmjs.org/is-generator-fn cache-miss
1143 silly fetch manifest jest-each@30.4.1
1144 silly packumentCache full:https://registry.npmjs.org/jest-each cache-miss
1145 silly fetch manifest pure-rand@^7.0.0
1146 silly packumentCache full:https://registry.npmjs.org/pure-rand cache-miss
1147 silly fetch manifest detect-newline@^3.1.0
1148 silly packumentCache full:https://registry.npmjs.org/detect-newline cache-miss
1149 http fetch GET 200 https://registry.npmjs.org/is-generator-fn 47ms (cache miss)
1150 silly packumentCache full:https://registry.npmjs.org/is-generator-fn set size:undefined disposed:false
1151 silly fetch manifest error-ex@^1.3.1
1152 silly packumentCache full:https://registry.npmjs.org/error-ex cache-miss
1153 http fetch GET 200 https://registry.npmjs.org/pure-rand 51ms (cache miss)
1154 silly packumentCache full:https://registry.npmjs.org/pure-rand set size:undefined disposed:false
1155 silly fetch manifest lines-and-columns@^1.1.6
1156 silly packumentCache full:https://registry.npmjs.org/lines-and-columns cache-miss
1157 http fetch GET 200 https://registry.npmjs.org/dedent 53ms (cache miss)
1158 silly packumentCache full:https://registry.npmjs.org/dedent set size:undefined disposed:false
1159 silly fetch manifest json-parse-even-better-errors@^2.3.0
1160 silly packumentCache full:https://registry.npmjs.org/json-parse-even-better-errors cache-miss
1161 http fetch GET 200 https://registry.npmjs.org/co 55ms (cache miss)
1162 silly packumentCache full:https://registry.npmjs.org/co set size:undefined disposed:false
1163 http fetch GET 200 https://registry.npmjs.org/detect-newline 70ms (cache miss)
1164 silly packumentCache full:https://registry.npmjs.org/detect-newline set size:undefined disposed:false
1165 http fetch GET 200 https://registry.npmjs.org/jest-each 80ms (cache miss)
1166 silly packumentCache full:https://registry.npmjs.org/jest-each set size:undefined disposed:false
1167 http fetch GET 200 https://registry.npmjs.org/@types%2fbabel__core 87ms (cache miss)
1168 silly packumentCache full:https://registry.npmjs.org/@types%2fbabel__core set size:undefined disposed:false
1169 http fetch GET 200 https://registry.npmjs.org/babel-preset-jest 91ms (cache miss)
1170 silly packumentCache full:https://registry.npmjs.org/babel-preset-jest set size:undefined disposed:false
1171 http fetch GET 200 https://registry.npmjs.org/error-ex 55ms (cache miss)
1172 silly packumentCache full:https://registry.npmjs.org/error-ex set size:undefined disposed:false
1173 http fetch GET 200 https://registry.npmjs.org/lines-and-columns 50ms (cache miss)
1174 silly packumentCache full:https://registry.npmjs.org/lines-and-columns set size:undefined disposed:false
1175 http fetch GET 200 https://registry.npmjs.org/json-parse-even-better-errors 58ms (cache miss)
1176 silly packumentCache full:https://registry.npmjs.org/json-parse-even-better-errors set size:undefined disposed:false
1177 http fetch GET 200 https://registry.npmjs.org/@jest%2fexpect 114ms (cache miss)
1178 silly packumentCache full:https://registry.npmjs.org/@jest%2fexpect set size:undefined disposed:false
1179 silly fetch manifest @babel/core@^7.11.0 || ^8.0.0-0
1180 silly packumentCache full:https://registry.npmjs.org/@babel%2fcore cache-hit
1181 silly placeDep ROOT @types/babel__core@7.20.5 OK for: babel-jest@30.4.1 want: ^7.20.5
1182 silly placeDep ROOT babel-preset-jest@30.4.0 OK for: babel-jest@30.4.1 want: 30.4.0
1183 silly fetch manifest @types/babel__template@*
1184 silly packumentCache full:https://registry.npmjs.org/@types%2fbabel__template cache-miss
1185 silly fetch manifest @types/babel__traverse@*
1186 silly packumentCache full:https://registry.npmjs.org/@types%2fbabel__traverse cache-miss
1187 silly fetch manifest @types/babel__generator@*
1188 silly packumentCache full:https://registry.npmjs.org/@types%2fbabel__generator cache-miss
1189 silly fetch manifest babel-plugin-jest-hoist@30.4.0
1190 silly packumentCache full:https://registry.npmjs.org/babel-plugin-jest-hoist cache-miss
1191 http fetch GET 200 https://registry.npmjs.org/@types%2fbabel__template 51ms (cache miss)
1192 silly packumentCache full:https://registry.npmjs.org/@types%2fbabel__template set size:undefined disposed:false
1193 http fetch GET 200 https://registry.npmjs.org/@types%2fbabel__generator 59ms (cache miss)
1194 silly packumentCache full:https://registry.npmjs.org/@types%2fbabel__generator set size:undefined disposed:false
1195 http fetch GET 200 https://registry.npmjs.org/babel-plugin-jest-hoist 79ms (cache miss)
1196 silly packumentCache full:https://registry.npmjs.org/babel-plugin-jest-hoist set size:undefined disposed:false
1197 http fetch GET 200 https://registry.npmjs.org/@types%2fbabel__traverse 86ms (cache miss)
1198 silly packumentCache full:https://registry.npmjs.org/@types%2fbabel__traverse set size:undefined disposed:false
1199 silly placeDep ROOT @types/babel__generator@7.27.0 OK for: @types/babel__core@7.20.5 want: *
1200 silly placeDep ROOT @types/babel__template@7.4.4 OK for: @types/babel__core@7.20.5 want: *
1201 silly placeDep ROOT @types/babel__traverse@7.28.0 OK for: @types/babel__core@7.20.5 want: *
1202 silly fetch manifest @babel/core@^7.11.0 || ^8.0.0-beta.1
1203 silly packumentCache full:https://registry.npmjs.org/@babel%2fcore cache-hit
1204 silly placeDep ROOT babel-plugin-jest-hoist@30.4.0 OK for: babel-preset-jest@30.4.0 want: 30.4.0
1205 silly placeDep ROOT babel-preset-current-node-syntax@1.2.0 OK for: babel-preset-jest@30.4.0 want: ^1.2.0
1206 silly fetch manifest @babel/plugin-syntax-async-generators@^7.8.4
1207 silly packumentCache full:https://registry.npmjs.org/@babel%2fplugin-syntax-async-generators cache-miss
1208 silly fetch manifest @babel/plugin-syntax-bigint@^7.8.3
1209 silly packumentCache full:https://registry.npmjs.org/@babel%2fplugin-syntax-bigint cache-miss
1210 silly fetch manifest @babel/plugin-syntax-class-properties@^7.12.13
1211 silly packumentCache full:https://registry.npmjs.org/@babel%2fplugin-syntax-class-properties cache-miss
1212 silly fetch manifest @babel/plugin-syntax-class-static-block@^7.14.5
1213 silly packumentCache full:https://registry.npmjs.org/@babel%2fplugin-syntax-class-static-block cache-miss
1214 silly fetch manifest @babel/plugin-syntax-import-attributes@^7.24.7
1215 silly packumentCache full:https://registry.npmjs.org/@babel%2fplugin-syntax-import-attributes cache-miss
1216 silly fetch manifest @babel/plugin-syntax-import-meta@^7.10.4
1217 silly packumentCache full:https://registry.npmjs.org/@babel%2fplugin-syntax-import-meta cache-miss
1218 silly fetch manifest @babel/plugin-syntax-json-strings@^7.8.3
1219 silly packumentCache full:https://registry.npmjs.org/@babel%2fplugin-syntax-json-strings cache-miss
1220 silly fetch manifest @babel/plugin-syntax-logical-assignment-operators@^7.10.4
1221 silly packumentCache full:https://registry.npmjs.org/@babel%2fplugin-syntax-logical-assignment-operators cache-miss
1222 silly fetch manifest @babel/plugin-syntax-nullish-coalescing-operator@^7.8.3
1223 silly packumentCache full:https://registry.npmjs.org/@babel%2fplugin-syntax-nullish-coalescing-operator cache-miss
1224 http fetch GET 200 https://registry.npmjs.org/@babel%2fplugin-syntax-class-properties 57ms (cache miss)
1225 silly packumentCache full:https://registry.npmjs.org/@babel%2fplugin-syntax-class-properties set size:undefined disposed:false
1226 silly fetch manifest @babel/plugin-syntax-numeric-separator@^7.10.4
1227 silly packumentCache full:https://registry.npmjs.org/@babel%2fplugin-syntax-numeric-separator cache-miss
1228 http fetch GET 200 https://registry.npmjs.org/@babel%2fplugin-syntax-bigint 59ms (cache miss)
1229 silly packumentCache full:https://registry.npmjs.org/@babel%2fplugin-syntax-bigint set size:undefined disposed:false
1230 silly fetch manifest @babel/plugin-syntax-object-rest-spread@^7.8.3
1231 silly packumentCache full:https://registry.npmjs.org/@babel%2fplugin-syntax-object-rest-spread cache-miss
1232 http fetch GET 200 https://registry.npmjs.org/@babel%2fplugin-syntax-json-strings 64ms (cache miss)
1233 silly packumentCache full:https://registry.npmjs.org/@babel%2fplugin-syntax-json-strings set size:undefined disposed:false
1234 silly fetch manifest @babel/plugin-syntax-optional-catch-binding@^7.8.3
1235 silly packumentCache full:https://registry.npmjs.org/@babel%2fplugin-syntax-optional-catch-binding cache-miss
1236 http fetch GET 200 https://registry.npmjs.org/@babel%2fplugin-syntax-logical-assignment-operators 72ms (cache miss)
1237 silly packumentCache full:https://registry.npmjs.org/@babel%2fplugin-syntax-logical-assignment-operators set size:undefined disposed:false
1238 silly fetch manifest @babel/plugin-syntax-optional-chaining@^7.8.3
1239 silly packumentCache full:https://registry.npmjs.org/@babel%2fplugin-syntax-optional-chaining cache-miss
1240 http fetch GET 200 https://registry.npmjs.org/@babel%2fplugin-syntax-nullish-coalescing-operator 77ms (cache miss)
1241 silly packumentCache full:https://registry.npmjs.org/@babel%2fplugin-syntax-nullish-coalescing-operator set size:undefined disposed:false
1242 silly fetch manifest @babel/plugin-syntax-private-property-in-object@^7.14.5
1243 silly packumentCache full:https://registry.npmjs.org/@babel%2fplugin-syntax-private-property-in-object cache-miss
1244 http fetch GET 200 https://registry.npmjs.org/@babel%2fplugin-syntax-import-meta 79ms (cache miss)
1245 silly packumentCache full:https://registry.npmjs.org/@babel%2fplugin-syntax-import-meta set size:undefined disposed:false
1246 silly fetch manifest @babel/plugin-syntax-top-level-await@^7.14.5
1247 silly packumentCache full:https://registry.npmjs.org/@babel%2fplugin-syntax-top-level-await cache-miss
1248 http fetch GET 200 https://registry.npmjs.org/@babel%2fplugin-syntax-object-rest-spread 57ms (cache miss)
1249 silly packumentCache full:https://registry.npmjs.org/@babel%2fplugin-syntax-object-rest-spread set size:undefined disposed:false
1250 http fetch GET 200 https://registry.npmjs.org/@babel%2fplugin-syntax-async-generators 121ms (cache miss)
1251 silly packumentCache full:https://registry.npmjs.org/@babel%2fplugin-syntax-async-generators set size:undefined disposed:false
1252 http fetch GET 200 https://registry.npmjs.org/@babel%2fplugin-syntax-optional-catch-binding 59ms (cache miss)
1253 silly packumentCache full:https://registry.npmjs.org/@babel%2fplugin-syntax-optional-catch-binding set size:undefined disposed:false
1254 http fetch GET 200 https://registry.npmjs.org/@babel%2fplugin-syntax-class-static-block 129ms (cache miss)
1255 silly packumentCache full:https://registry.npmjs.org/@babel%2fplugin-syntax-class-static-block set size:undefined disposed:false
1256 http fetch GET 200 https://registry.npmjs.org/@babel%2fplugin-syntax-numeric-separator 70ms (cache miss)
1257 silly packumentCache full:https://registry.npmjs.org/@babel%2fplugin-syntax-numeric-separator set size:undefined disposed:false
1258 http fetch GET 200 https://registry.npmjs.org/@babel%2fplugin-syntax-import-attributes 138ms (cache miss)
1259 silly packumentCache full:https://registry.npmjs.org/@babel%2fplugin-syntax-import-attributes set size:undefined disposed:false
1260 http fetch GET 200 https://registry.npmjs.org/@babel%2fplugin-syntax-private-property-in-object 63ms (cache miss)
1261 silly packumentCache full:https://registry.npmjs.org/@babel%2fplugin-syntax-private-property-in-object set size:undefined disposed:false
1262 http fetch GET 200 https://registry.npmjs.org/@babel%2fplugin-syntax-top-level-await 71ms (cache miss)
1263 silly packumentCache full:https://registry.npmjs.org/@babel%2fplugin-syntax-top-level-await set size:undefined disposed:false
1264 http fetch GET 200 https://registry.npmjs.org/@babel%2fplugin-syntax-optional-chaining 86ms (cache miss)
1265 silly packumentCache full:https://registry.npmjs.org/@babel%2fplugin-syntax-optional-chaining set size:undefined disposed:false
1266 silly fetch manifest @babel/core@^7.0.0 || ^8.0.0-0
1267 silly packumentCache full:https://registry.npmjs.org/@babel%2fcore cache-hit
1268 silly placeDep ROOT @babel/plugin-syntax-async-generators@7.8.4 OK for: babel-preset-current-node-syntax@1.2.0 want: ^7.8.4
1269 silly placeDep ROOT @babel/plugin-syntax-bigint@7.8.3 OK for: babel-preset-current-node-syntax@1.2.0 want: ^7.8.3
1270 silly placeDep ROOT @babel/plugin-syntax-class-properties@7.12.13 OK for: babel-preset-current-node-syntax@1.2.0 want: ^7.12.13
1271 silly placeDep ROOT @babel/plugin-syntax-class-static-block@7.14.5 OK for: babel-preset-current-node-syntax@1.2.0 want: ^7.14.5
1272 silly placeDep ROOT @babel/plugin-syntax-import-attributes@7.28.6 OK for: babel-preset-current-node-syntax@1.2.0 want: ^7.24.7
1273 silly placeDep ROOT @babel/plugin-syntax-import-meta@7.10.4 OK for: babel-preset-current-node-syntax@1.2.0 want: ^7.10.4
1274 silly placeDep ROOT @babel/plugin-syntax-json-strings@7.8.3 OK for: babel-preset-current-node-syntax@1.2.0 want: ^7.8.3
1275 silly placeDep ROOT @babel/plugin-syntax-logical-assignment-operators@7.10.4 OK for: babel-preset-current-node-syntax@1.2.0 want: ^7.10.4
1276 silly placeDep ROOT @babel/plugin-syntax-nullish-coalescing-operator@7.8.3 OK for: babel-preset-current-node-syntax@1.2.0 want: ^7.8.3
1277 silly placeDep ROOT @babel/plugin-syntax-numeric-separator@7.10.4 OK for: babel-preset-current-node-syntax@1.2.0 want: ^7.10.4
1278 silly placeDep ROOT @babel/plugin-syntax-object-rest-spread@7.8.3 OK for: babel-preset-current-node-syntax@1.2.0 want: ^7.8.3
1279 silly placeDep ROOT @babel/plugin-syntax-optional-catch-binding@7.8.3 OK for: babel-preset-current-node-syntax@1.2.0 want: ^7.8.3
1280 silly placeDep ROOT @babel/plugin-syntax-optional-chaining@7.8.3 OK for: babel-preset-current-node-syntax@1.2.0 want: ^7.8.3
1281 silly placeDep ROOT @babel/plugin-syntax-private-property-in-object@7.14.5 OK for: babel-preset-current-node-syntax@1.2.0 want: ^7.14.5
1282 silly placeDep ROOT @babel/plugin-syntax-top-level-await@7.14.5 OK for: babel-preset-current-node-syntax@1.2.0 want: ^7.14.5
1283 silly fetch manifest babel-plugin-macros@^3.1.0
1284 silly packumentCache full:https://registry.npmjs.org/babel-plugin-macros cache-miss
1285 http fetch GET 200 https://registry.npmjs.org/babel-plugin-macros 48ms (cache miss)
1286 silly packumentCache full:https://registry.npmjs.org/babel-plugin-macros set size:undefined disposed:false
1287 silly placeDep ROOT @jest/environment@30.4.1 OK for: jest-circus@30.4.2 want: 30.4.1
1288 silly placeDep ROOT @jest/expect@30.4.1 OK for: jest-circus@30.4.2 want: 30.4.1
1289 silly placeDep ROOT co@4.6.0 OK for: jest-circus@30.4.2 want: ^4.6.0
1290 silly placeDep ROOT dedent@1.7.2 OK for: jest-circus@30.4.2 want: ^1.6.0
1291 silly placeDep ROOT is-generator-fn@2.1.0 OK for: jest-circus@30.4.2 want: ^2.1.0
1292 silly placeDep ROOT jest-each@30.4.1 OK for: jest-circus@30.4.2 want: 30.4.1
1293 silly placeDep ROOT jest-matcher-utils@30.4.1 OK for: jest-circus@30.4.2 want: 30.4.1
1294 silly placeDep ROOT pure-rand@7.0.1 OK for: jest-circus@30.4.2 want: ^7.0.0
1295 silly placeDep ROOT stack-utils@2.0.6 OK for: jest-circus@30.4.2 want: ^2.0.6
1296 silly fetch manifest escape-string-regexp@^2.0.0
1297 silly packumentCache full:https://registry.npmjs.org/escape-string-regexp cache-miss
1298 http fetch GET 200 https://registry.npmjs.org/escape-string-regexp 63ms (cache miss)
1299 silly packumentCache full:https://registry.npmjs.org/escape-string-regexp set size:undefined disposed:false
1300 silly placeDep ROOT @jest/fake-timers@30.4.1 OK for: @jest/environment@30.4.1 want: 30.4.1
1301 silly placeDep ROOT jest-mock@30.4.1 OK for: @jest/environment@30.4.1 want: 30.4.1
1302 silly fetch manifest @sinonjs/fake-timers@^15.4.0
1303 silly packumentCache full:https://registry.npmjs.org/@sinonjs%2ffake-timers cache-miss
1304 http fetch GET 200 https://registry.npmjs.org/@sinonjs%2ffake-timers 66ms (cache miss)
1305 silly packumentCache full:https://registry.npmjs.org/@sinonjs%2ffake-timers set size:undefined disposed:false
1306 silly placeDep ROOT expect@30.4.1 OK for: @jest/expect@30.4.1 want: 30.4.1
1307 silly placeDep ROOT @sinonjs/fake-timers@15.4.0 OK for: @jest/fake-timers@30.4.1 want: ^15.4.0
1308 silly fetch manifest @sinonjs/commons@^3.0.1
1309 silly packumentCache full:https://registry.npmjs.org/@sinonjs%2fcommons cache-miss
1310 http fetch GET 200 https://registry.npmjs.org/@sinonjs%2fcommons 83ms (cache miss)
1311 silly packumentCache full:https://registry.npmjs.org/@sinonjs%2fcommons set size:undefined disposed:false
1312 silly placeDep ROOT @sinonjs/commons@3.0.1 OK for: @sinonjs/fake-timers@15.4.0 want: ^3.0.1
1313 silly fetch manifest type-detect@4.0.8
1314 silly packumentCache full:https://registry.npmjs.org/type-detect cache-miss
1315 http fetch GET 200 https://registry.npmjs.org/type-detect 44ms (cache miss)
1316 silly packumentCache full:https://registry.npmjs.org/type-detect set size:undefined disposed:false
1317 silly placeDep ROOT type-detect@4.0.8 OK for: @sinonjs/commons@3.0.1 want: 4.0.8
1318 silly placeDep ROOT @jest/expect-utils@30.4.1 OK for: expect@30.4.1 want: 30.4.1
1319 silly placeDep ROOT detect-newline@3.1.0 OK for: jest-docblock@30.4.0 want: ^3.1.0
1320 silly placeDep ROOT anymatch@3.1.3 OK for: jest-haste-map@30.4.1 want: ^3.1.3
1321 silly placeDep ROOT fb-watchman@2.0.2 OK for: jest-haste-map@30.4.1 want: ^2.0.2
1322 silly placeDep ROOT fsevents@2.3.3 OK for: jest-haste-map@30.4.1 want: ^2.3.3
1323 silly placeDep ROOT picomatch@4.0.4 OK for: jest-haste-map@30.4.1 want: ^4.0.3
1324 silly placeDep ROOT walker@1.0.8 OK for: jest-haste-map@30.4.1 want: ^1.0.8
1325 silly fetch manifest picomatch@^2.0.4
1326 silly packumentCache full:https://registry.npmjs.org/picomatch cache-miss
1327 silly fetch manifest normalize-path@^3.0.0
1328 silly packumentCache full:https://registry.npmjs.org/normalize-path cache-miss
1329 silly fetch manifest bser@2.1.1
1330 silly packumentCache full:https://registry.npmjs.org/bser cache-miss
1331 silly fetch manifest makeerror@1.0.12
1332 silly packumentCache full:https://registry.npmjs.org/makeerror cache-miss
1333 http cache https://registry.npmjs.org/picomatch 3ms (cache hit)
1334 silly packumentCache full:https://registry.npmjs.org/picomatch set size:126376 disposed:false
1335 http fetch GET 200 https://registry.npmjs.org/bser 51ms (cache miss)
1336 silly packumentCache full:https://registry.npmjs.org/bser set size:undefined disposed:false
1337 http fetch GET 200 https://registry.npmjs.org/normalize-path 65ms (cache miss)
1338 silly packumentCache full:https://registry.npmjs.org/normalize-path set size:undefined disposed:false
1339 http fetch GET 200 https://registry.npmjs.org/makeerror 66ms (cache miss)
1340 silly packumentCache full:https://registry.npmjs.org/makeerror set size:undefined disposed:false
1341 silly placeDep ROOT normalize-path@3.0.0 OK for: anymatch@3.1.3 want: ^3.0.0
1342 silly placeDep node_modules/anymatch picomatch@2.3.2 OK for: anymatch@3.1.3 want: ^2.0.4
1343 silly placeDep ROOT bser@2.1.1 OK for: fb-watchman@2.0.2 want: 2.1.1
1344 silly fetch manifest node-int64@^0.4.0
1345 silly packumentCache full:https://registry.npmjs.org/node-int64 cache-miss
1346 http fetch GET 200 https://registry.npmjs.org/node-int64 65ms (cache miss)
1347 silly packumentCache full:https://registry.npmjs.org/node-int64 set size:undefined disposed:false
1348 silly placeDep ROOT node-int64@0.4.0 OK for: bser@2.1.1 want: ^0.4.0
1349 silly placeDep ROOT jest-diff@30.4.1 OK for: jest-matcher-utils@30.4.1 want: 30.4.1
1350 silly fetch manifest @jest/diff-sequences@30.4.0
1351 silly packumentCache full:https://registry.npmjs.org/@jest%2fdiff-sequences cache-miss
1352 http fetch GET 200 https://registry.npmjs.org/@jest%2fdiff-sequences 59ms (cache miss)
1353 silly packumentCache full:https://registry.npmjs.org/@jest%2fdiff-sequences set size:undefined disposed:false
1354 silly placeDep ROOT @jest/diff-sequences@30.4.0 OK for: jest-diff@30.4.1 want: 30.4.0
1355 silly placeDep ROOT @types/stack-utils@2.0.3 OK for: jest-message-util@30.4.1 want: ^2.0.3
1356 silly fetch manifest jest-resolve@*
1357 silly packumentCache full:https://registry.npmjs.org/jest-resolve cache-miss
1358 http cache https://registry.npmjs.org/jest-resolve 4ms (cache hit)
1359 silly packumentCache full:https://registry.npmjs.org/jest-resolve set size:660045 disposed:false
1360 silly placeDep ROOT jest-pnp-resolver@1.2.3 OK for: jest-resolve@30.4.1 want: ^1.2.3
1361 silly placeDep ROOT unrs-resolver@1.11.1 OK for: jest-resolve@30.4.1 want: ^1.7.11
1362 silly fetch manifest napi-postinstall@^0.3.0
1363 silly packumentCache full:https://registry.npmjs.org/napi-postinstall cache-miss
1364 silly fetch manifest @unrs/resolver-binding-win32-x64-msvc@1.11.1
1365 silly packumentCache full:https://registry.npmjs.org/@unrs%2fresolver-binding-win32-x64-msvc cache-miss
1366 silly fetch manifest @unrs/resolver-binding-win32-arm64-msvc@1.11.1
1367 silly packumentCache full:https://registry.npmjs.org/@unrs%2fresolver-binding-win32-arm64-msvc cache-miss
1368 silly fetch manifest @unrs/resolver-binding-win32-ia32-msvc@1.11.1
1369 silly packumentCache full:https://registry.npmjs.org/@unrs%2fresolver-binding-win32-ia32-msvc cache-miss
1370 silly fetch manifest @unrs/resolver-binding-linux-x64-gnu@1.11.1
1371 silly packumentCache full:https://registry.npmjs.org/@unrs%2fresolver-binding-linux-x64-gnu cache-miss
1372 silly fetch manifest @unrs/resolver-binding-linux-x64-musl@1.11.1
1373 silly packumentCache full:https://registry.npmjs.org/@unrs%2fresolver-binding-linux-x64-musl cache-miss
1374 silly fetch manifest @unrs/resolver-binding-freebsd-x64@1.11.1
1375 silly packumentCache full:https://registry.npmjs.org/@unrs%2fresolver-binding-freebsd-x64 cache-miss
1376 silly fetch manifest @unrs/resolver-binding-android-arm64@1.11.1
1377 silly packumentCache full:https://registry.npmjs.org/@unrs%2fresolver-binding-android-arm64 cache-miss
1378 silly fetch manifest @unrs/resolver-binding-linux-arm64-gnu@1.11.1
1379 silly packumentCache full:https://registry.npmjs.org/@unrs%2fresolver-binding-linux-arm64-gnu cache-miss
1380 http fetch GET 200 https://registry.npmjs.org/@unrs%2fresolver-binding-linux-x64-gnu 65ms (cache miss)
1381 silly packumentCache full:https://registry.npmjs.org/@unrs%2fresolver-binding-linux-x64-gnu set size:undefined disposed:false
1382 silly fetch manifest @unrs/resolver-binding-linux-arm64-musl@1.11.1
1383 silly packumentCache full:https://registry.npmjs.org/@unrs%2fresolver-binding-linux-arm64-musl cache-miss
1384 http fetch GET 200 https://registry.npmjs.org/@unrs%2fresolver-binding-win32-ia32-msvc 68ms (cache miss)
1385 silly packumentCache full:https://registry.npmjs.org/@unrs%2fresolver-binding-win32-ia32-msvc set size:undefined disposed:false
1386 silly fetch manifest @unrs/resolver-binding-android-arm-eabi@1.11.1
1387 silly packumentCache full:https://registry.npmjs.org/@unrs%2fresolver-binding-android-arm-eabi cache-miss
1388 http fetch GET 200 https://registry.npmjs.org/@unrs%2fresolver-binding-linux-arm64-gnu 69ms (cache miss)
1389 silly packumentCache full:https://registry.npmjs.org/@unrs%2fresolver-binding-linux-arm64-gnu set size:undefined disposed:false
1390 silly fetch manifest @unrs/resolver-binding-linux-arm-gnueabihf@1.11.1
1391 silly packumentCache full:https://registry.npmjs.org/@unrs%2fresolver-binding-linux-arm-gnueabihf cache-miss
1392 http fetch GET 200 https://registry.npmjs.org/napi-postinstall 71ms (cache miss)
1393 silly packumentCache full:https://registry.npmjs.org/napi-postinstall set size:undefined disposed:false
1394 silly fetch manifest @unrs/resolver-binding-linux-arm-musleabihf@1.11.1
1395 silly packumentCache full:https://registry.npmjs.org/@unrs%2fresolver-binding-linux-arm-musleabihf cache-miss
1396 http fetch GET 200 https://registry.npmjs.org/@unrs%2fresolver-binding-win32-x64-msvc 72ms (cache miss)
1397 silly packumentCache full:https://registry.npmjs.org/@unrs%2fresolver-binding-win32-x64-msvc set size:undefined disposed:false
1398 silly fetch manifest @unrs/resolver-binding-linux-ppc64-gnu@1.11.1
1399 silly packumentCache full:https://registry.npmjs.org/@unrs%2fresolver-binding-linux-ppc64-gnu cache-miss
1400 http fetch GET 200 https://registry.npmjs.org/@unrs%2fresolver-binding-android-arm64 77ms (cache miss)
1401 silly packumentCache full:https://registry.npmjs.org/@unrs%2fresolver-binding-android-arm64 set size:undefined disposed:false
1402 silly fetch manifest @unrs/resolver-binding-linux-riscv64-gnu@1.11.1
1403 silly packumentCache full:https://registry.npmjs.org/@unrs%2fresolver-binding-linux-riscv64-gnu cache-miss
1404 http fetch GET 200 https://registry.npmjs.org/@unrs%2fresolver-binding-win32-arm64-msvc 80ms (cache miss)
1405 silly packumentCache full:https://registry.npmjs.org/@unrs%2fresolver-binding-win32-arm64-msvc set size:undefined disposed:false
1406 silly fetch manifest @unrs/resolver-binding-linux-riscv64-musl@1.11.1
1407 silly packumentCache full:https://registry.npmjs.org/@unrs%2fresolver-binding-linux-riscv64-musl cache-miss
1408 http fetch GET 200 https://registry.npmjs.org/@unrs%2fresolver-binding-freebsd-x64 81ms (cache miss)
1409 silly packumentCache full:https://registry.npmjs.org/@unrs%2fresolver-binding-freebsd-x64 set size:undefined disposed:false
1410 silly fetch manifest @unrs/resolver-binding-linux-s390x-gnu@1.11.1
1411 silly packumentCache full:https://registry.npmjs.org/@unrs%2fresolver-binding-linux-s390x-gnu cache-miss
1412 http fetch GET 200 https://registry.npmjs.org/@unrs%2fresolver-binding-linux-x64-musl 84ms (cache miss)
1413 silly packumentCache full:https://registry.npmjs.org/@unrs%2fresolver-binding-linux-x64-musl set size:undefined disposed:false
1414 silly fetch manifest @unrs/resolver-binding-darwin-x64@1.11.1
1415 silly packumentCache full:https://registry.npmjs.org/@unrs%2fresolver-binding-darwin-x64 cache-miss
1416 http fetch GET 200 https://registry.npmjs.org/@unrs%2fresolver-binding-linux-arm64-musl 55ms (cache miss)
1417 silly packumentCache full:https://registry.npmjs.org/@unrs%2fresolver-binding-linux-arm64-musl set size:undefined disposed:false
1418 silly fetch manifest @unrs/resolver-binding-darwin-arm64@1.11.1
1419 silly packumentCache full:https://registry.npmjs.org/@unrs%2fresolver-binding-darwin-arm64 cache-miss
1420 http fetch GET 200 https://registry.npmjs.org/@unrs%2fresolver-binding-android-arm-eabi 56ms (cache miss)
1421 silly packumentCache full:https://registry.npmjs.org/@unrs%2fresolver-binding-android-arm-eabi set size:undefined disposed:false
1422 silly fetch manifest @unrs/resolver-binding-wasm32-wasi@1.11.1
1423 silly packumentCache full:https://registry.npmjs.org/@unrs%2fresolver-binding-wasm32-wasi cache-miss
1424 http fetch GET 200 https://registry.npmjs.org/@unrs%2fresolver-binding-linux-ppc64-gnu 57ms (cache miss)
1425 silly packumentCache full:https://registry.npmjs.org/@unrs%2fresolver-binding-linux-ppc64-gnu set size:undefined disposed:false
1426 http fetch GET 200 https://registry.npmjs.org/@unrs%2fresolver-binding-linux-arm-musleabihf 59ms (cache miss)
1427 silly packumentCache full:https://registry.npmjs.org/@unrs%2fresolver-binding-linux-arm-musleabihf set size:undefined disposed:false
1428 http fetch GET 200 https://registry.npmjs.org/@unrs%2fresolver-binding-linux-riscv64-gnu 69ms (cache miss)
1429 silly packumentCache full:https://registry.npmjs.org/@unrs%2fresolver-binding-linux-riscv64-gnu set size:undefined disposed:false
1430 http fetch GET 200 https://registry.npmjs.org/@unrs%2fresolver-binding-linux-arm-gnueabihf 81ms (cache miss)
1431 silly packumentCache full:https://registry.npmjs.org/@unrs%2fresolver-binding-linux-arm-gnueabihf set size:undefined disposed:false
1432 http fetch GET 200 https://registry.npmjs.org/@unrs%2fresolver-binding-linux-riscv64-musl 73ms (cache miss)
1433 silly packumentCache full:https://registry.npmjs.org/@unrs%2fresolver-binding-linux-riscv64-musl set size:undefined disposed:false
1434 http fetch GET 200 https://registry.npmjs.org/@unrs%2fresolver-binding-linux-s390x-gnu 77ms (cache miss)
1435 silly packumentCache full:https://registry.npmjs.org/@unrs%2fresolver-binding-linux-s390x-gnu set size:undefined disposed:false
1436 http fetch GET 200 https://registry.npmjs.org/@unrs%2fresolver-binding-darwin-x64 95ms (cache miss)
1437 silly packumentCache full:https://registry.npmjs.org/@unrs%2fresolver-binding-darwin-x64 set size:undefined disposed:false
1438 http fetch GET 200 https://registry.npmjs.org/@unrs%2fresolver-binding-darwin-arm64 64ms (cache miss)
1439 silly packumentCache full:https://registry.npmjs.org/@unrs%2fresolver-binding-darwin-arm64 set size:undefined disposed:false
1440 http fetch GET 200 https://registry.npmjs.org/@unrs%2fresolver-binding-wasm32-wasi 65ms (cache miss)
1441 silly packumentCache full:https://registry.npmjs.org/@unrs%2fresolver-binding-wasm32-wasi set size:undefined disposed:false
1442 silly placeDep ROOT emittery@0.13.1 OK for: jest-runner@30.4.2 want: ^0.13.1
1443 silly placeDep ROOT jest-leak-detector@30.4.1 OK for: jest-runner@30.4.2 want: 30.4.1
1444 silly placeDep ROOT source-map-support@0.5.13 OK for: jest-runner@30.4.2 want: 0.5.13
1445 silly fetch manifest buffer-from@^1.0.0
1446 silly packumentCache full:https://registry.npmjs.org/buffer-from cache-miss
1447 silly fetch manifest source-map@^0.6.0
1448 silly packumentCache full:https://registry.npmjs.org/source-map cache-miss
1449 http fetch GET 200 https://registry.npmjs.org/buffer-from 48ms (cache miss)
1450 silly packumentCache full:https://registry.npmjs.org/buffer-from set size:undefined disposed:false
1451 http fetch GET 200 https://registry.npmjs.org/source-map 49ms (cache miss)
1452 silly packumentCache full:https://registry.npmjs.org/source-map set size:undefined disposed:false
1453 silly placeDep ROOT @jest/globals@30.4.1 OK for: jest-runtime@30.4.2 want: 30.4.1
1454 silly placeDep ROOT @jest/source-map@30.0.1 OK for: jest-runtime@30.4.2 want: 30.0.1
1455 silly placeDep ROOT cjs-module-lexer@2.2.0 OK for: jest-runtime@30.4.2 want: ^2.1.0
1456 silly placeDep ROOT strip-bom@4.0.0 OK for: jest-runtime@30.4.2 want: ^4.0.0
1457 silly fetch manifest callsites@^3.1.0
1458 silly packumentCache full:https://registry.npmjs.org/callsites cache-miss
1459 http fetch GET 200 https://registry.npmjs.org/callsites 70ms (cache miss)
1460 silly packumentCache full:https://registry.npmjs.org/callsites set size:undefined disposed:false
1461 silly placeDep ROOT callsites@3.1.0 OK for: @jest/source-map@30.0.1 want: ^3.1.0
1462 silly placeDep ROOT @babel/plugin-syntax-jsx@7.28.6 OK for: jest-snapshot@30.4.1 want: ^7.27.1
1463 silly placeDep ROOT @babel/plugin-syntax-typescript@7.28.6 OK for: jest-snapshot@30.4.1 want: ^7.27.1
1464 silly placeDep ROOT @jest/snapshot-utils@30.4.1 OK for: jest-snapshot@30.4.1 want: 30.4.1
1465 silly placeDep ROOT synckit@0.11.12 OK for: jest-snapshot@30.4.1 want: ^0.11.8
1466 silly fetch manifest natural-compare@^1.4.0
1467 silly packumentCache full:https://registry.npmjs.org/natural-compare cache-miss
1468 silly fetch manifest @pkgr/core@^0.2.9
1469 silly packumentCache full:https://registry.npmjs.org/@pkgr%2fcore cache-miss
1470 http fetch GET 200 https://registry.npmjs.org/natural-compare 69ms (cache miss)
1471 silly packumentCache full:https://registry.npmjs.org/natural-compare set size:undefined disposed:false
1472 http fetch GET 200 https://registry.npmjs.org/@pkgr%2fcore 270ms (cache miss)
1473 silly packumentCache full:https://registry.npmjs.org/@pkgr%2fcore set size:undefined disposed:false
1474 silly placeDep ROOT natural-compare@1.4.0 OK for: @jest/snapshot-utils@30.4.1 want: ^1.4.0
1475 silly placeDep node_modules/jest-validate camelcase@6.3.0 OK for: jest-validate@30.4.1 want: ^6.3.0
1476 silly placeDep ROOT leven@3.1.0 OK for: jest-validate@30.4.1 want: ^3.1.0
1477 silly placeDep ROOT @ungap/structured-clone@1.3.1 OK for: jest-worker@30.4.1 want: ^1.3.0
1478 silly placeDep node_modules/jest-worker supports-color@8.1.1 OK for: jest-worker@30.4.1 want: ^8.1.1
1479 silly placeDep ROOT argparse@1.0.10 OK for: js-yaml@3.14.2 want: ^1.0.7
1480 silly placeDep ROOT esprima@4.0.1 OK for: js-yaml@3.14.2 want: ^4.0.0
1481 silly fetch manifest sprintf-js@~1.0.2
1482 silly packumentCache full:https://registry.npmjs.org/sprintf-js cache-miss
1483 http fetch GET 200 https://registry.npmjs.org/sprintf-js 67ms (cache miss)
1484 silly packumentCache full:https://registry.npmjs.org/sprintf-js set size:undefined disposed:false
1485 silly placeDep ROOT sprintf-js@1.0.3 OK for: argparse@1.0.10 want: ~1.0.2
1486 silly placeDep ROOT p-locate@4.1.0 OK for: locate-path@5.0.0 want: ^4.1.0
1487 silly fetch manifest p-limit@^2.2.0
1488 silly packumentCache full:https://registry.npmjs.org/p-limit cache-miss
1489 http cache https://registry.npmjs.org/p-limit 3ms (cache hit)
1490 silly packumentCache full:https://registry.npmjs.org/p-limit set size:61867 disposed:false
1491 silly placeDep ROOT yallist@3.1.1 OK for: lru-cache@5.1.1 want: ^3.0.2
1492 silly placeDep ROOT brace-expansion@2.1.0 OK for: minimatch@9.0.9 want: ^2.0.2
1493 silly fetch manifest balanced-match@^1.0.0
1494 silly packumentCache full:https://registry.npmjs.org/balanced-match cache-miss
1495 http fetch GET 200 https://registry.npmjs.org/balanced-match 91ms (cache miss)
1496 silly packumentCache full:https://registry.npmjs.org/balanced-match set size:undefined disposed:false
1497 silly placeDep ROOT balanced-match@1.0.2 OK for: brace-expansion@2.1.0 want: ^1.0.0
1498 silly placeDep ROOT mimic-fn@2.1.0 OK for: onetime@5.1.2 want: ^2.1.0
1499 silly placeDep ROOT yocto-queue@0.1.0 OK for: p-limit@3.1.0 want: ^0.1.0
1500 silly placeDep node_modules/p-locate p-limit@2.3.0 OK for: p-locate@4.1.0 want: ^2.2.0
1501 silly fetch manifest p-try@^2.0.0
1502 silly packumentCache full:https://registry.npmjs.org/p-try cache-miss
1503 http fetch GET 200 https://registry.npmjs.org/p-try 49ms (cache miss)
1504 silly packumentCache full:https://registry.npmjs.org/p-try set size:undefined disposed:false
1505 silly placeDep ROOT error-ex@1.3.4 OK for: parse-json@5.2.0 want: ^1.3.1
1506 silly placeDep ROOT json-parse-even-better-errors@2.3.1 OK for: parse-json@5.2.0 want: ^2.3.0
1507 silly placeDep ROOT lines-and-columns@1.2.4 OK for: parse-json@5.2.0 want: ^1.1.6
1508 silly fetch manifest is-arrayish@^0.2.1
1509 silly packumentCache full:https://registry.npmjs.org/is-arrayish cache-miss
1510 http fetch GET 200 https://registry.npmjs.org/is-arrayish 47ms (cache miss)
1511 silly packumentCache full:https://registry.npmjs.org/is-arrayish set size:undefined disposed:false
1512 silly placeDep ROOT is-arrayish@0.2.1 OK for: error-ex@1.3.4 want: ^0.2.1
1513 silly placeDep node_modules/path-scurry lru-cache@10.4.3 OK for: path-scurry@1.11.1 want: ^10.2.0
1514 silly placeDep node_modules/pretty-format ansi-styles@5.2.0 OK for: pretty-format@30.4.1 want: ^5.2.0
1515 silly placeDep ROOT react-is-18@18.3.1 OK for: pretty-format@30.4.1 want: npm:react-is@^18.3.1
1516 silly placeDep ROOT react-is-19@19.2.6 OK for: pretty-format@30.4.1 want: npm:react-is@^19.2.5
1517 silly placeDep ROOT shebang-regex@3.0.0 OK for: shebang-command@2.0.0 want: ^3.0.0
1518 silly placeDep ROOT buffer-from@1.1.2 OK for: source-map-support@0.5.13 want: ^1.0.0
1519 silly placeDep ROOT source-map@0.6.1 OK for: source-map-support@0.5.13 want: ^0.6.0
1520 silly placeDep ROOT escape-string-regexp@2.0.0 OK for: stack-utils@2.0.6 want: ^2.0.0
1521 silly placeDep ROOT char-regex@1.0.2 OK for: string-length@4.0.2 want: ^1.0.2
1522 silly placeDep node_modules/string-length strip-ansi@6.0.1 OK for: string-length@4.0.2 want: ^6.0.0
1523 silly placeDep ROOT eastasianwidth@0.2.0 OK for: string-width@5.1.2 want: ^0.2.0
1524 silly placeDep ROOT emoji-regex@9.2.2 OK for: string-width@5.1.2 want: ^9.2.2
1525 silly placeDep node_modules/string-width-cjs emoji-regex@8.0.0 OK for: string-width@4.2.3 want: ^8.0.0
1526 silly placeDep ROOT is-fullwidth-code-point@3.0.0 OK for: string-width@4.2.3 want: ^3.0.0
1527 silly placeDep node_modules/string-width-cjs strip-ansi@6.0.1 OK for: string-width@4.2.3 want: ^6.0.1
1528 silly placeDep ROOT ansi-regex@6.2.2 OK for: strip-ansi@7.2.0 want: ^6.2.2
1529 silly placeDep node_modules/strip-ansi-cjs ansi-regex@5.0.1 OK for: strip-ansi@6.0.1 want: ^5.0.1
1530 silly placeDep ROOT methods@1.1.2 OK for: supertest@7.2.2 want: ^1.1.2
1531 silly placeDep ROOT superagent@10.3.0 OK for: supertest@7.2.2 want: ^10.3.0
1532 silly fetch manifest component-emitter@^1.3.1
1533 silly packumentCache full:https://registry.npmjs.org/component-emitter cache-miss
1534 silly fetch manifest cookiejar@^2.1.4
1535 silly packumentCache full:https://registry.npmjs.org/cookiejar cache-miss
1536 silly fetch manifest fast-safe-stringify@^2.1.1
1537 silly packumentCache full:https://registry.npmjs.org/fast-safe-stringify cache-miss
1538 silly fetch manifest form-data@^4.0.5
1539 silly packumentCache full:https://registry.npmjs.org/form-data cache-miss
1540 silly fetch manifest formidable@^3.5.4
1541 silly packumentCache full:https://registry.npmjs.org/formidable cache-miss
1542 silly fetch manifest mime@2.6.0
1543 silly packumentCache full:https://registry.npmjs.org/mime cache-miss
1544 http fetch GET 200 https://registry.npmjs.org/component-emitter 49ms (cache miss)
1545 silly packumentCache full:https://registry.npmjs.org/component-emitter set size:undefined disposed:false
1546 http fetch GET 200 https://registry.npmjs.org/fast-safe-stringify 52ms (cache miss)
1547 silly packumentCache full:https://registry.npmjs.org/fast-safe-stringify set size:undefined disposed:false
1548 http fetch GET 200 https://registry.npmjs.org/cookiejar 56ms (cache miss)
1549 silly packumentCache full:https://registry.npmjs.org/cookiejar set size:undefined disposed:false
1550 http fetch GET 200 https://registry.npmjs.org/mime 64ms (cache miss)
1551 silly packumentCache full:https://registry.npmjs.org/mime set size:undefined disposed:false
1552 http fetch GET 200 https://registry.npmjs.org/form-data 71ms (cache miss)
1553 silly packumentCache full:https://registry.npmjs.org/form-data set size:undefined disposed:false
1554 http fetch GET 200 https://registry.npmjs.org/formidable 77ms (cache miss)
1555 silly packumentCache full:https://registry.npmjs.org/formidable set size:undefined disposed:false
1556 silly placeDep ROOT component-emitter@1.3.1 OK for: superagent@10.3.0 want: ^1.3.1
1557 silly placeDep ROOT cookiejar@2.1.4 OK for: superagent@10.3.0 want: ^2.1.4
1558 silly placeDep ROOT fast-safe-stringify@2.1.1 OK for: superagent@10.3.0 want: ^2.1.1
1559 silly placeDep ROOT form-data@4.0.5 OK for: superagent@10.3.0 want: ^4.0.5
1560 silly placeDep ROOT formidable@3.5.4 OK for: superagent@10.3.0 want: ^3.5.4
1561 silly placeDep ROOT mime@2.6.0 OK for: superagent@10.3.0 want: 2.6.0
1562 silly fetch manifest asynckit@^0.4.0
1563 silly packumentCache full:https://registry.npmjs.org/asynckit cache-miss
1564 silly fetch manifest combined-stream@^1.0.8
1565 silly packumentCache full:https://registry.npmjs.org/combined-stream cache-miss
1566 silly fetch manifest es-set-tostringtag@^2.1.0
1567 silly packumentCache full:https://registry.npmjs.org/es-set-tostringtag cache-miss
1568 silly fetch manifest mime-types@^2.1.12
1569 silly packumentCache full:https://registry.npmjs.org/mime-types cache-miss
1570 silly fetch manifest dezalgo@^1.0.4
1571 silly packumentCache full:https://registry.npmjs.org/dezalgo cache-miss
1572 silly fetch manifest @paralleldrive/cuid2@^2.2.2
1573 silly packumentCache full:https://registry.npmjs.org/@paralleldrive%2fcuid2 cache-miss
1574 http fetch GET 200 https://registry.npmjs.org/dezalgo 43ms (cache miss)
1575 silly packumentCache full:https://registry.npmjs.org/dezalgo set size:undefined disposed:false
1576 http fetch GET 200 https://registry.npmjs.org/combined-stream 47ms (cache miss)
1577 silly packumentCache full:https://registry.npmjs.org/combined-stream set size:undefined disposed:false
1578 http fetch GET 200 https://registry.npmjs.org/mime-types 48ms (cache revalidated)
1579 silly packumentCache full:https://registry.npmjs.org/mime-types set size:139110 disposed:false
1580 http fetch GET 200 https://registry.npmjs.org/es-set-tostringtag 52ms (cache miss)
1581 silly packumentCache full:https://registry.npmjs.org/es-set-tostringtag set size:undefined disposed:false
1582 http fetch GET 200 https://registry.npmjs.org/@paralleldrive%2fcuid2 74ms (cache miss)
1583 silly packumentCache full:https://registry.npmjs.org/@paralleldrive%2fcuid2 set size:undefined disposed:false
1584 http fetch GET 200 https://registry.npmjs.org/asynckit 80ms (cache miss)
1585 silly packumentCache full:https://registry.npmjs.org/asynckit set size:undefined disposed:false
1586 silly placeDep ROOT asynckit@0.4.0 OK for: form-data@4.0.5 want: ^0.4.0
1587 silly placeDep ROOT combined-stream@1.0.8 OK for: form-data@4.0.5 want: ^1.0.8
1588 silly placeDep ROOT es-set-tostringtag@2.1.0 OK for: form-data@4.0.5 want: ^2.1.0
1589 silly placeDep node_modules/form-data mime-types@2.1.35 OK for: form-data@4.0.5 want: ^2.1.12
1590 silly fetch manifest delayed-stream@~1.0.0
1591 silly packumentCache full:https://registry.npmjs.org/delayed-stream cache-miss
1592 silly fetch manifest has-tostringtag@^1.0.2
1593 silly packumentCache full:https://registry.npmjs.org/has-tostringtag cache-miss
1594 silly fetch manifest mime-db@1.52.0
1595 silly packumentCache full:https://registry.npmjs.org/mime-db cache-miss
1596 http fetch GET 200 https://registry.npmjs.org/has-tostringtag 58ms (cache miss)
1597 silly packumentCache full:https://registry.npmjs.org/has-tostringtag set size:undefined disposed:false
1598 http fetch GET 200 https://registry.npmjs.org/mime-db 62ms (cache revalidated)
1599 silly packumentCache full:https://registry.npmjs.org/mime-db set size:164953 disposed:false
1600 http fetch GET 200 https://registry.npmjs.org/delayed-stream 65ms (cache miss)
1601 silly packumentCache full:https://registry.npmjs.org/delayed-stream set size:undefined disposed:false
1602 silly placeDep ROOT delayed-stream@1.0.0 OK for: combined-stream@1.0.8 want: ~1.0.0
1603 silly placeDep ROOT has-tostringtag@1.0.2 OK for: es-set-tostringtag@2.1.0 want: ^1.0.2
1604 silly placeDep ROOT @paralleldrive/cuid2@2.3.1 OK for: formidable@3.5.4 want: ^2.2.2
1605 silly placeDep ROOT dezalgo@1.0.4 OK for: formidable@3.5.4 want: ^1.0.4
1606 silly fetch manifest @noble/hashes@^1.1.5
1607 silly packumentCache full:https://registry.npmjs.org/@noble%2fhashes cache-miss
1608 silly fetch manifest asap@^2.0.0
1609 silly packumentCache full:https://registry.npmjs.org/asap cache-miss
1610 http fetch GET 200 https://registry.npmjs.org/asap 50ms (cache miss)
1611 silly packumentCache full:https://registry.npmjs.org/asap set size:undefined disposed:false
1612 http fetch GET 200 https://registry.npmjs.org/@noble%2fhashes 64ms (cache miss)
1613 silly packumentCache full:https://registry.npmjs.org/@noble%2fhashes set size:undefined disposed:false
1614 silly placeDep ROOT @noble/hashes@1.8.0 OK for: @paralleldrive/cuid2@2.3.1 want: ^1.1.5
1615 silly placeDep ROOT asap@2.0.6 OK for: dezalgo@1.0.4 want: ^2.0.0
1616 silly placeDep ROOT has-flag@4.0.0 OK for: supports-color@7.2.0 want: ^4.0.0
1617 silly placeDep ROOT @pkgr/core@0.2.9 OK for: synckit@0.11.12 want: ^0.2.9
1618 silly placeDep node_modules/test-exclude glob@7.2.3 OK for: test-exclude@6.0.0 want: ^7.1.4
1619 silly placeDep node_modules/test-exclude minimatch@3.1.5 OK for: test-exclude@6.0.0 want: ^3.0.4
1620 silly fetch manifest inflight@^1.0.4
1621 silly packumentCache full:https://registry.npmjs.org/inflight cache-miss
1622 silly fetch manifest minimatch@^3.1.1
1623 silly packumentCache full:https://registry.npmjs.org/minimatch cache-hit
1624 silly fetch manifest fs.realpath@^1.0.0
1625 silly packumentCache full:https://registry.npmjs.org/fs.realpath cache-miss
1626 silly fetch manifest path-is-absolute@^1.0.0
1627 silly packumentCache full:https://registry.npmjs.org/path-is-absolute cache-miss
1628 silly fetch manifest brace-expansion@^1.1.7
1629 silly packumentCache full:https://registry.npmjs.org/brace-expansion cache-miss
1630 http cache https://registry.npmjs.org/brace-expansion 4ms (cache hit)
1631 silly packumentCache full:https://registry.npmjs.org/brace-expansion set size:70654 disposed:false
1632 http fetch GET 200 https://registry.npmjs.org/inflight 45ms (cache miss)
1633 silly packumentCache full:https://registry.npmjs.org/inflight set size:undefined disposed:false
1634 http fetch GET 200 https://registry.npmjs.org/fs.realpath 46ms (cache miss)
1635 silly packumentCache full:https://registry.npmjs.org/fs.realpath set size:undefined disposed:false
1636 http fetch GET 200 https://registry.npmjs.org/path-is-absolute 51ms (cache miss)
1637 silly packumentCache full:https://registry.npmjs.org/path-is-absolute set size:undefined disposed:false
1638 silly placeDep ROOT @unrs/resolver-binding-android-arm-eabi@1.11.1 OK for: unrs-resolver@1.11.1 want: 1.11.1
1639 silly placeDep ROOT @unrs/resolver-binding-android-arm64@1.11.1 OK for: unrs-resolver@1.11.1 want: 1.11.1
1640 silly placeDep ROOT @unrs/resolver-binding-darwin-arm64@1.11.1 OK for: unrs-resolver@1.11.1 want: 1.11.1
1641 silly placeDep ROOT @unrs/resolver-binding-darwin-x64@1.11.1 OK for: unrs-resolver@1.11.1 want: 1.11.1
1642 silly placeDep ROOT @unrs/resolver-binding-freebsd-x64@1.11.1 OK for: unrs-resolver@1.11.1 want: 1.11.1
1643 silly placeDep ROOT @unrs/resolver-binding-linux-arm-gnueabihf@1.11.1 OK for: unrs-resolver@1.11.1 want: 1.11.1
1644 silly placeDep ROOT @unrs/resolver-binding-linux-arm-musleabihf@1.11.1 OK for: unrs-resolver@1.11.1 want: 1.11.1
1645 silly placeDep ROOT @unrs/resolver-binding-linux-arm64-gnu@1.11.1 OK for: unrs-resolver@1.11.1 want: 1.11.1
1646 silly placeDep ROOT @unrs/resolver-binding-linux-arm64-musl@1.11.1 OK for: unrs-resolver@1.11.1 want: 1.11.1
1647 silly placeDep ROOT @unrs/resolver-binding-linux-ppc64-gnu@1.11.1 OK for: unrs-resolver@1.11.1 want: 1.11.1
1648 silly placeDep ROOT @unrs/resolver-binding-linux-riscv64-gnu@1.11.1 OK for: unrs-resolver@1.11.1 want: 1.11.1
1649 silly placeDep ROOT @unrs/resolver-binding-linux-riscv64-musl@1.11.1 OK for: unrs-resolver@1.11.1 want: 1.11.1
1650 silly placeDep ROOT @unrs/resolver-binding-linux-s390x-gnu@1.11.1 OK for: unrs-resolver@1.11.1 want: 1.11.1
1651 silly placeDep ROOT @unrs/resolver-binding-linux-x64-gnu@1.11.1 OK for: unrs-resolver@1.11.1 want: 1.11.1
1652 silly placeDep ROOT @unrs/resolver-binding-linux-x64-musl@1.11.1 OK for: unrs-resolver@1.11.1 want: 1.11.1
1653 silly placeDep ROOT @unrs/resolver-binding-wasm32-wasi@1.11.1 OK for: unrs-resolver@1.11.1 want: 1.11.1
1654 silly placeDep ROOT @unrs/resolver-binding-win32-arm64-msvc@1.11.1 OK for: unrs-resolver@1.11.1 want: 1.11.1
1655 silly placeDep ROOT @unrs/resolver-binding-win32-ia32-msvc@1.11.1 OK for: unrs-resolver@1.11.1 want: 1.11.1
1656 silly placeDep ROOT @unrs/resolver-binding-win32-x64-msvc@1.11.1 OK for: unrs-resolver@1.11.1 want: 1.11.1
1657 silly placeDep ROOT napi-postinstall@0.3.4 OK for: unrs-resolver@1.11.1 want: ^0.3.0
1658 silly fetch manifest @napi-rs/wasm-runtime@^0.2.11
1659 silly packumentCache full:https://registry.npmjs.org/@napi-rs%2fwasm-runtime cache-miss
1660 http fetch GET 200 https://registry.npmjs.org/@napi-rs%2fwasm-runtime 89ms (cache miss)
1661 silly packumentCache full:https://registry.npmjs.org/@napi-rs%2fwasm-runtime set size:undefined disposed:false
1662 silly placeDep ROOT @napi-rs/wasm-runtime@0.2.12 OK for: @unrs/resolver-binding-wasm32-wasi@1.11.1 want: ^0.2.11
1663 silly fetch manifest @emnapi/core@^1.4.3
1664 silly packumentCache full:https://registry.npmjs.org/@emnapi%2fcore cache-miss
1665 silly fetch manifest @emnapi/runtime@^1.4.3
1666 silly packumentCache full:https://registry.npmjs.org/@emnapi%2fruntime cache-miss
1667 silly fetch manifest @tybys/wasm-util@^0.10.0
1668 silly packumentCache full:https://registry.npmjs.org/@tybys%2fwasm-util cache-miss
1669 http fetch GET 200 https://registry.npmjs.org/@tybys%2fwasm-util 94ms (cache miss)
1670 silly packumentCache full:https://registry.npmjs.org/@tybys%2fwasm-util set size:undefined disposed:false
1671 http fetch GET 200 https://registry.npmjs.org/@emnapi%2fcore 95ms (cache miss)
1672 silly packumentCache full:https://registry.npmjs.org/@emnapi%2fcore set size:undefined disposed:false
1673 http fetch GET 200 https://registry.npmjs.org/@emnapi%2fruntime 104ms (cache miss)
1674 silly packumentCache full:https://registry.npmjs.org/@emnapi%2fruntime set size:undefined disposed:false
1675 silly placeDep ROOT @emnapi/core@1.10.0 OK for: @napi-rs/wasm-runtime@0.2.12 want: ^1.4.3
1676 silly placeDep ROOT @emnapi/runtime@1.10.0 OK for: @napi-rs/wasm-runtime@0.2.12 want: ^1.4.3
1677 silly placeDep ROOT @tybys/wasm-util@0.10.2 OK for: @napi-rs/wasm-runtime@0.2.12 want: ^0.10.0
1678 silly fetch manifest @emnapi/wasi-threads@1.2.1
1679 silly packumentCache full:https://registry.npmjs.org/@emnapi%2fwasi-threads cache-miss
1680 silly fetch manifest tslib@^2.4.0
1681 silly packumentCache full:https://registry.npmjs.org/tslib cache-miss
1682 silly fetch manifest tslib@^2.4.0
1683 silly packumentCache full:https://registry.npmjs.org/tslib cache-miss
1684 silly fetch manifest tslib@^2.4.0
1685 silly packumentCache full:https://registry.npmjs.org/tslib cache-miss
1686 http fetch GET 200 https://registry.npmjs.org/tslib 51ms (cache miss)
1687 silly packumentCache full:https://registry.npmjs.org/tslib set size:undefined disposed:false
1688 http fetch GET 200 https://registry.npmjs.org/tslib 52ms (cache miss)
1689 silly packumentCache full:https://registry.npmjs.org/tslib set size:undefined disposed:false
1690 http fetch GET 200 https://registry.npmjs.org/tslib 55ms (cache miss)
1691 silly packumentCache full:https://registry.npmjs.org/tslib set size:undefined disposed:false
1692 http fetch GET 200 https://registry.npmjs.org/@emnapi%2fwasi-threads 64ms (cache miss)
1693 silly packumentCache full:https://registry.npmjs.org/@emnapi%2fwasi-threads set size:undefined disposed:false
1694 silly placeDep ROOT @emnapi/wasi-threads@1.2.1 OK for: @emnapi/core@1.10.0 want: 1.2.1
1695 silly placeDep ROOT tslib@2.8.1 OK for: @emnapi/core@1.10.0 want: ^2.4.0
1696 silly placeDep ROOT escalade@3.2.0 OK for: update-browserslist-db@1.2.3 want: ^3.2.0
1697 silly placeDep ROOT makeerror@1.0.12 OK for: walker@1.0.8 want: 1.0.12
1698 silly fetch manifest tmpl@1.0.5
1699 silly packumentCache full:https://registry.npmjs.org/tmpl cache-miss
1700 http fetch GET 200 https://registry.npmjs.org/tmpl 52ms (cache miss)
1701 silly packumentCache full:https://registry.npmjs.org/tmpl set size:undefined disposed:false
1702 silly placeDep ROOT tmpl@1.0.5 OK for: makeerror@1.0.12 want: 1.0.5
1703 silly placeDep ROOT isexe@2.0.0 OK for: which@2.0.2 want: ^2.0.0
1704 silly placeDep node_modules/wrap-ansi ansi-styles@6.2.3 OK for: wrap-ansi@8.1.0 want: ^6.1.0
1705 silly placeDep node_modules/wrap-ansi-cjs string-width@4.2.3 OK for: wrap-ansi@7.0.0 want: ^4.1.0
1706 silly placeDep node_modules/wrap-ansi-cjs strip-ansi@6.0.1 OK for: wrap-ansi@7.0.0 want: ^6.0.0
1707 silly placeDep ROOT imurmurhash@0.1.4 OK for: write-file-atomic@5.0.1 want: ^0.1.4
1708 silly placeDep ROOT cliui@8.0.1 OK for: yargs@17.7.2 want: ^8.0.1
1709 silly placeDep ROOT get-caller-file@2.0.5 OK for: yargs@17.7.2 want: ^2.0.5
1710 silly placeDep ROOT require-directory@2.1.1 OK for: yargs@17.7.2 want: ^2.1.1
1711 silly placeDep node_modules/yargs string-width@4.2.3 OK for: yargs@17.7.2 want: ^4.2.3
1712 silly placeDep ROOT y18n@5.0.8 OK for: yargs@17.7.2 want: ^5.0.5
1713 silly placeDep ROOT yargs-parser@21.1.1 OK for: yargs@17.7.2 want: ^21.1.1
1714 silly fetch manifest wrap-ansi@^7.0.0
1715 silly packumentCache full:https://registry.npmjs.org/wrap-ansi cache-miss
1716 silly fetch manifest string-width@^4.2.0
1717 silly packumentCache full:https://registry.npmjs.org/string-width cache-hit
1718 http cache https://registry.npmjs.org/wrap-ansi 5ms (cache hit)
1719 silly packumentCache full:https://registry.npmjs.org/wrap-ansi set size:55299 disposed:false
1720 silly placeDep node_modules/cliui string-width@4.2.3 OK for: cliui@8.0.1 want: ^4.2.0
1721 silly placeDep node_modules/cliui strip-ansi@6.0.1 OK for: cliui@8.0.1 want: ^6.0.1
1722 silly placeDep node_modules/cliui wrap-ansi@7.0.0 OK for: cliui@8.0.1 want: ^7.0.0
1723 silly placeDep node_modules/cliui emoji-regex@8.0.0 OK for: string-width@4.2.3 want: ^8.0.0
1724 silly placeDep node_modules/cliui ansi-regex@5.0.1 OK for: strip-ansi@6.0.1 want: ^5.0.1
1725 silly placeDep node_modules/form-data mime-db@1.52.0 OK for: mime-types@2.1.35 want: 1.52.0
1726 silly placeDep ROOT p-try@2.2.0 OK for: p-limit@2.3.0 want: ^2.0.0
1727 silly placeDep node_modules/string-length ansi-regex@5.0.1 OK for: strip-ansi@6.0.1 want: ^5.0.1
1728 silly placeDep node_modules/string-width-cjs ansi-regex@5.0.1 OK for: strip-ansi@6.0.1 want: ^5.0.1
1729 silly placeDep ROOT fs.realpath@1.0.0 OK for: glob@7.2.3 want: ^1.0.0
1730 silly placeDep ROOT inflight@1.0.6 OK for: glob@7.2.3 want: ^1.0.4
1731 silly placeDep ROOT path-is-absolute@1.0.1 OK for: glob@7.2.3 want: ^1.0.0
1732 silly placeDep node_modules/test-exclude brace-expansion@1.1.14 OK for: minimatch@3.1.5 want: ^1.1.7
1733 silly fetch manifest concat-map@0.0.1
1734 silly packumentCache full:https://registry.npmjs.org/concat-map cache-miss
1735 http fetch GET 200 https://registry.npmjs.org/concat-map 64ms (cache miss)
1736 silly packumentCache full:https://registry.npmjs.org/concat-map set size:undefined disposed:false
1737 silly placeDep ROOT concat-map@0.0.1 OK for: brace-expansion@1.1.14 want: 0.0.1
1738 silly placeDep node_modules/wrap-ansi-cjs emoji-regex@8.0.0 OK for: string-width@4.2.3 want: ^8.0.0
1739 silly placeDep node_modules/wrap-ansi-cjs ansi-regex@5.0.1 OK for: strip-ansi@6.0.1 want: ^5.0.1
1740 silly placeDep node_modules/yargs emoji-regex@8.0.0 OK for: string-width@4.2.3 want: ^8.0.0
1741 silly placeDep node_modules/yargs strip-ansi@6.0.1 OK for: string-width@4.2.3 want: ^6.0.1
1742 silly placeDep node_modules/yargs ansi-regex@5.0.1 OK for: strip-ansi@6.0.1 want: ^5.0.1
1743 silly reify moves {}
1744 silly audit bulk request {
1744 silly audit   accepts: [ '2.0.0' ],
1744 silly audit   bcryptjs: [ '3.0.3' ],
1744 silly audit   'body-parser': [ '2.2.2' ],
1744 silly audit   'buffer-equal-constant-time': [ '1.0.1' ],
1744 silly audit   bytes: [ '3.1.2' ],
1744 silly audit   'call-bind-apply-helpers': [ '1.0.2' ],
1744 silly audit   'call-bound': [ '1.0.4' ],
1744 silly audit   'content-disposition': [ '1.1.0' ],
1744 silly audit   'content-type': [ '1.0.5' ],
1744 silly audit   cookie: [ '0.7.2' ],
1744 silly audit   'cookie-signature': [ '1.2.2' ],
1744 silly audit   debug: [ '4.4.3' ],
1744 silly audit   depd: [ '2.0.0' ],
1744 silly audit   'dunder-proto': [ '1.0.1' ],
1744 silly audit   'ecdsa-sig-formatter': [ '1.0.11' ],
1744 silly audit   'ee-first': [ '1.1.1' ],
1744 silly audit   encodeurl: [ '2.0.0' ],
1744 silly audit   'es-define-property': [ '1.0.1' ],
1744 silly audit   'es-errors': [ '1.3.0' ],
1744 silly audit   'es-object-atoms': [ '1.1.1' ],
1744 silly audit   'escape-html': [ '1.0.3' ],
1744 silly audit   etag: [ '1.8.1' ],
1744 silly audit   express: [ '5.2.1' ],
1744 silly audit   finalhandler: [ '2.1.1' ],
1744 silly audit   forwarded: [ '0.2.0' ],
1744 silly audit   fresh: [ '2.0.0' ],
1744 silly audit   'function-bind': [ '1.1.2' ],
1744 silly audit   'get-intrinsic': [ '1.3.0' ],
1744 silly audit   'get-proto': [ '1.0.1' ],
1744 silly audit   gopd: [ '1.2.0' ],
1744 silly audit   'has-symbols': [ '1.1.0' ],
1744 silly audit   hasown: [ '2.0.3' ],
1744 silly audit   'http-errors': [ '2.0.1' ],
1744 silly audit   'iconv-lite': [ '0.7.2' ],
1744 silly audit   inherits: [ '2.0.4' ],
1744 silly audit   'ipaddr.js': [ '1.9.1' ],
1744 silly audit   'is-promise': [ '4.0.0' ],
1744 silly audit   jsonwebtoken: [ '9.0.3' ],
1744 silly audit   jwa: [ '2.0.1' ],
1744 silly audit   jws: [ '4.0.1' ],
1744 silly audit   'lodash.includes': [ '4.3.0' ],
1744 silly audit   'lodash.isboolean': [ '3.0.3' ],
1744 silly audit   'lodash.isinteger': [ '4.0.4' ],
1744 silly audit   'lodash.isnumber': [ '3.0.3' ],
1744 silly audit   'lodash.isplainobject': [ '4.0.6' ],
1744 silly audit   'lodash.isstring': [ '4.0.1' ],
1744 silly audit   'lodash.once': [ '4.1.1' ],
1744 silly audit   'math-intrinsics': [ '1.1.0' ],
1744 silly audit   'media-typer': [ '1.1.0' ],
1744 silly audit   'merge-descriptors': [ '2.0.0' ],
1744 silly audit   'mime-db': [ '1.54.0', '1.52.0' ],
1744 silly audit   'mime-types': [ '3.0.2', '2.1.35' ],
1744 silly audit   ms: [ '2.1.3' ],
1744 silly audit   negotiator: [ '1.0.0' ],
1744 silly audit   'object-inspect': [ '1.13.4' ],
1744 silly audit   'on-finished': [ '2.4.1' ],
1744 silly audit   once: [ '1.4.0' ],
1744 silly audit   parseurl: [ '1.3.3' ],
1744 silly audit   passport: [ '0.7.0' ],
1744 silly audit   'passport-jwt': [ '4.0.1' ],
1744 silly audit   'passport-strategy': [ '1.0.0' ],
1744 silly audit   'path-to-regexp': [ '8.4.2' ],
1744 silly audit   pause: [ '0.0.1' ],
1744 silly audit   'proxy-addr': [ '2.0.7' ],
1744 silly audit   qs: [ '6.15.1' ],
1744 silly audit   'range-parser': [ '1.2.1' ],
1744 silly audit   'raw-body': [ '3.0.2' ],
1744 silly audit   router: [ '2.2.0' ],
1744 silly audit   'safe-buffer': [ '5.2.1' ],
1744 silly audit   'safer-buffer': [ '2.1.2' ],
1744 silly audit   semver: [ '7.8.0', '6.3.1' ],
1744 silly audit   send: [ '1.2.1' ],
1744 silly audit   'serve-static': [ '2.2.1' ],
1744 silly audit   setprototypeof: [ '1.2.0' ],
1744 silly audit   'side-channel': [ '1.1.0' ],
1744 silly audit   'side-channel-list': [ '1.0.1' ],
1744 silly audit   'side-channel-map': [ '1.0.1' ],
1744 silly audit   'side-channel-weakmap': [ '1.0.2' ],
1744 silly audit   statuses: [ '2.0.2' ],
1744 silly audit   toidentifier: [ '1.0.1' ],
1744 silly audit   'type-is': [ '2.0.1' ],
1744 silly audit   unpipe: [ '1.0.0' ],
1744 silly audit   'utils-merge': [ '1.0.1' ],
1744 silly audit   vary: [ '1.1.2' ],
1744 silly audit   wrappy: [ '1.0.2' ],
1744 silly audit   jest: [ '30.4.2' ],
1744 silly audit   supertest: [ '7.2.2' ],
1744 silly audit   '@jest/core': [ '30.4.2' ],
1744 silly audit   '@jest/types': [ '30.4.1' ],
1744 silly audit   'import-local': [ '3.2.0' ],
1744 silly audit   'jest-cli': [ '30.4.2' ],
1744 silly audit   '@jest/console': [ '30.4.1' ],
1744 silly audit   '@jest/pattern': [ '30.4.0' ],
1744 silly audit   '@jest/reporters': [ '30.4.1' ],
1744 silly audit   '@jest/test-result': [ '30.4.1' ],
1744 silly audit   '@jest/transform': [ '30.4.1' ],
1744 silly audit   '@types/node': [ '25.7.0' ],
1744 silly audit   'ansi-escapes': [ '4.3.2' ],
1744 silly audit   chalk: [ '4.1.2' ],
1744 silly audit   'ci-info': [ '4.4.0' ],
1744 silly audit   'exit-x': [ '0.2.2' ],
1744 silly audit   'fast-json-stable-stringify': [ '2.1.0' ],
1744 silly audit   'graceful-fs': [ '4.2.11' ],
1744 silly audit   'jest-changed-files': [ '30.4.1' ],
1744 silly audit   'jest-config': [ '30.4.2' ],
1744 silly audit   'jest-haste-map': [ '30.4.1' ],
1744 silly audit   'jest-message-util': [ '30.4.1' ],
1744 silly audit   'jest-regex-util': [ '30.4.0' ],
1744 silly audit   'jest-resolve': [ '30.4.1' ],
1744 silly audit   'jest-resolve-dependencies': [ '30.4.2' ],
1744 silly audit   'jest-runner': [ '30.4.2' ],
1744 silly audit   'jest-runtime': [ '30.4.2' ],
1744 silly audit   'jest-snapshot': [ '30.4.1' ],
1744 silly audit   'jest-util': [ '30.4.1' ],
1744 silly audit   'jest-validate': [ '30.4.1' ],
1744 silly audit   'jest-watcher': [ '30.4.1' ],
1744 silly audit   'pretty-format': [ '30.4.1' ],
1744 silly audit   slash: [ '3.0.0' ],
1744 silly audit   '@bcoe/v8-coverage': [ '0.2.3' ],
1744 silly audit   '@jridgewell/trace-mapping': [ '0.3.31' ],
1744 silly audit   'collect-v8-coverage': [ '1.0.3' ],
1744 silly audit   glob: [ '10.5.0', '7.2.3' ],
1744 silly audit   'istanbul-lib-coverage': [ '3.2.2' ],
1744 silly audit   'istanbul-lib-instrument': [ '6.0.3' ],
1744 silly audit   'istanbul-lib-report': [ '3.0.1' ],
1744 silly audit   'istanbul-lib-source-maps': [ '5.0.6' ],
1744 silly audit   'istanbul-reports': [ '3.2.0' ],
1744 silly audit   'jest-worker': [ '30.4.1' ],
1744 silly audit   'string-length': [ '4.0.2' ],
1744 silly audit   'v8-to-istanbul': [ '9.3.0' ],
1744 silly audit   '@types/istanbul-lib-coverage': [ '2.0.6' ],
1744 silly audit   '@babel/core': [ '7.29.0' ],
1744 silly audit   'babel-plugin-istanbul': [ '7.0.1' ],
1744 silly audit   'convert-source-map': [ '2.0.0' ],
1744 silly audit   pirates: [ '4.0.7' ],
1744 silly audit   'write-file-atomic': [ '5.0.1' ],
1744 silly audit   '@babel/code-frame': [ '7.29.0' ],
1744 silly audit   '@babel/generator': [ '7.29.1' ],
1744 silly audit   '@babel/helper-compilation-targets': [ '7.28.6' ],
1744 silly audit   '@babel/helper-module-transforms': [ '7.28.6' ],
1744 silly audit   '@babel/helpers': [ '7.29.2' ],
1744 silly audit   '@babel/parser': [ '7.29.3' ],
1744 silly audit   '@babel/template': [ '7.28.6' ],
1744 silly audit   '@babel/traverse': [ '7.29.0' ],
1744 silly audit   '@babel/types': [ '7.29.0' ],
1744 silly audit   '@jridgewell/remapping': [ '2.3.5' ],
1744 silly audit   gensync: [ '1.0.0-beta.2' ],
1744 silly audit   json5: [ '2.2.3' ],
1744 silly audit   '@babel/helper-validator-identifier': [ '7.28.5' ],
1744 silly audit   'js-tokens': [ '4.0.0' ],
1744 silly audit   picocolors: [ '1.1.1' ],
1744 silly audit   '@jridgewell/gen-mapping': [ '0.3.13' ],
1744 silly audit   jsesc: [ '3.1.0' ],
1744 silly audit   '@babel/compat-data': [ '7.29.3' ],
1744 silly audit   '@babel/helper-validator-option': [ '7.27.1' ],
1744 silly audit   browserslist: [ '4.28.2' ],
1744 silly audit   'lru-cache': [ '5.1.1', '10.4.3' ],
1744 silly audit   '@babel/helper-module-imports': [ '7.28.6' ],
1744 silly audit   '@babel/helper-globals': [ '7.28.0' ],
1744 silly audit   '@babel/helper-string-parser': [ '7.27.1' ],
1744 silly audit   '@jest/schemas': [ '30.4.1' ],
1744 silly audit   '@types/istanbul-reports': [ '3.0.4' ],
1744 silly audit   '@types/yargs': [ '17.0.35' ],
1744 silly audit   '@sinclair/typebox': [ '0.34.49' ],
1744 silly audit   '@jridgewell/sourcemap-codec': [ '1.5.5' ],
1744 silly audit   '@jridgewell/resolve-uri': [ '3.1.2' ],
1744 silly audit   '@types/istanbul-lib-report': [ '3.0.3' ],
1744 silly audit   'undici-types': [ '7.21.0' ],
1744 silly audit   '@types/yargs-parser': [ '21.0.3' ],
1744 silly audit   'type-fest': [ '0.21.3' ],
1744 silly audit   '@babel/helper-plugin-utils': [ '7.28.6' ],
1744 silly audit   '@istanbuljs/load-nyc-config': [ '1.1.0' ],
1744 silly audit   '@istanbuljs/schema': [ '0.1.6' ],
1744 silly audit   'test-exclude': [ '6.0.0' ],
1744 silly audit   camelcase: [ '5.3.1', '6.3.0' ],
1744 silly audit   'find-up': [ '4.1.0' ],
1744 silly audit   'get-package-type': [ '0.1.0' ],
1744 silly audit   'js-yaml': [ '3.14.2' ],
1744 silly audit   'resolve-from': [ '5.0.0' ],
1744 silly audit   'baseline-browser-mapping': [ '2.10.29' ],
1744 silly audit   'caniuse-lite': [ '1.0.30001792' ],
1744 silly audit   'electron-to-chromium': [ '1.5.353' ],
1744 silly audit   'node-releases': [ '2.0.44' ],
1744 silly audit   'update-browserslist-db': [ '1.2.3' ],
1744 silly audit   'ansi-styles': [ '4.3.0', '5.2.0', '6.2.3' ],
1744 silly audit   'supports-color': [ '7.2.0', '8.1.1' ],
1744 silly audit   'color-convert': [ '2.0.1' ],
1744 silly audit   'color-name': [ '1.1.4' ],
1744 silly audit   'locate-path': [ '5.0.0' ],
1744 silly audit   'path-exists': [ '4.0.0' ],
1744 silly audit   'foreground-child': [ '3.3.1' ],
1744 silly audit   jackspeak: [ '3.4.3' ],
1744 silly audit   minimatch: [ '9.0.9', '3.1.5' ],
1744 silly audit   minipass: [ '7.1.3' ],
1744 silly audit   'package-json-from-dist': [ '1.0.1' ],
1744 silly audit   'path-scurry': [ '1.11.1' ],
1744 silly audit   'cross-spawn': [ '7.0.6' ],
1744 silly audit   'signal-exit': [ '4.1.0', '3.0.7' ],
1744 silly audit   'path-key': [ '3.1.1' ],
1744 silly audit   'shebang-command': [ '2.0.0' ],
1744 silly audit   which: [ '2.0.2' ],
1744 silly audit   'pkg-dir': [ '4.2.0' ],
1744 silly audit   'resolve-cwd': [ '3.0.0' ],
1744 silly audit   'make-dir': [ '4.0.0' ],
1744 silly audit   'html-escaper': [ '2.0.2' ],
1744 silly audit   '@isaacs/cliui': [ '8.0.2' ],
1744 silly audit   '@pkgjs/parseargs': [ '0.11.0' ],
1744 silly audit   'string-width': [ '5.1.2', '4.2.3' ],
1744 silly audit   'strip-ansi': [ '7.2.0', '6.0.1' ],
1744 silly audit   'wrap-ansi': [ '8.1.0', '7.0.0' ],
1744 silly audit   execa: [ '5.1.1' ],
1744 silly audit   'p-limit': [ '3.1.0', '2.3.0' ],
1744 silly audit   'get-stream': [ '6.0.1' ],
1744 silly audit   'human-signals': [ '2.1.0' ],
1744 silly audit   'is-stream': [ '2.0.1' ],
1744 silly audit   'merge-stream': [ '2.0.0' ],
1744 silly audit   'npm-run-path': [ '4.0.1' ],
1744 silly audit   onetime: [ '5.1.2' ],
1744 silly audit   'strip-final-newline': [ '2.0.0' ],
1744 silly audit   yargs: [ '17.7.2' ],
1744 silly audit   '@jest/get-type': [ '30.1.0' ],
1744 silly audit   '@jest/test-sequencer': [ '30.4.1' ],
1744 silly audit   'babel-jest': [ '30.4.1' ],
1744 silly audit   deepmerge: [ '4.3.1' ],
1744 silly audit   'jest-circus': [ '30.4.2' ],
1744 silly audit   'jest-docblock': [ '30.4.0' ],
1744 silly audit   'jest-environment-node': [ '30.4.1' ],
1744 silly audit   'parse-json': [ '5.2.0' ],
1744 silly audit   'strip-json-comments': [ '3.1.1' ],
1744 silly audit   '@types/babel__core': [ '7.20.5' ],
1744 silly audit   'babel-preset-jest': [ '30.4.0' ],
1744 silly audit   '@types/babel__generator': [ '7.27.0' ],
1744 silly audit   '@types/babel__template': [ '7.4.4' ],
1744 silly audit   '@types/babel__traverse': [ '7.28.0' ],
1744 silly audit   'babel-plugin-jest-hoist': [ '30.4.0' ],
1744 silly audit   'babel-preset-current-node-syntax': [ '1.2.0' ],
1744 silly audit   '@babel/plugin-syntax-async-generators': [ '7.8.4' ],
1744 silly audit   '@babel/plugin-syntax-bigint': [ '7.8.3' ],
1744 silly audit   '@babel/plugin-syntax-class-properties': [ '7.12.13' ],
1744 silly audit   '@babel/plugin-syntax-class-static-block': [ '7.14.5' ],
1744 silly audit   '@babel/plugin-syntax-import-attributes': [ '7.28.6' ],
1744 silly audit   '@babel/plugin-syntax-import-meta': [ '7.10.4' ],
1744 silly audit   '@babel/plugin-syntax-json-strings': [ '7.8.3' ],
1744 silly audit   '@babel/plugin-syntax-logical-assignment-operators': [ '7.10.4' ],
1744 silly audit   '@babel/plugin-syntax-nullish-coalescing-operator': [ '7.8.3' ],
1744 silly audit   '@babel/plugin-syntax-numeric-separator': [ '7.10.4' ],
1744 silly audit   '@babel/plugin-syntax-object-rest-spread': [ '7.8.3' ],
1744 silly audit   '@babel/plugin-syntax-optional-catch-binding': [ '7.8.3' ],
1744 silly audit   '@babel/plugin-syntax-optional-chaining': [ '7.8.3' ],
1744 silly audit   '@babel/plugin-syntax-private-property-in-object': [ '7.14.5' ],
1744 silly audit   '@babel/plugin-syntax-top-level-await': [ '7.14.5' ],
1744 silly audit   '@jest/environment': [ '30.4.1' ],
1744 silly audit   '@jest/expect': [ '30.4.1' ],
1744 silly audit   co: [ '4.6.0' ],
1744 silly audit   dedent: [ '1.7.2' ],
1744 silly audit   'is-generator-fn': [ '2.1.0' ],
1744 silly audit   'jest-each': [ '30.4.1' ],
1744 silly audit   'jest-matcher-utils': [ '30.4.1' ],
1744 silly audit   'pure-rand': [ '7.0.1' ],
1744 silly audit   'stack-utils': [ '2.0.6' ],
1744 silly audit   '@jest/fake-timers': [ '30.4.1' ],
1744 silly audit   'jest-mock': [ '30.4.1' ],
1744 silly audit   expect: [ '30.4.1' ],
1744 silly audit   '@sinonjs/fake-timers': [ '15.4.0' ],
1744 silly audit   '@sinonjs/commons': [ '3.0.1' ],
1744 silly audit   'type-detect': [ '4.0.8' ],
1744 silly audit   '@jest/expect-utils': [ '30.4.1' ],
1744 silly audit   'detect-newline': [ '3.1.0' ],
1744 silly audit   anymatch: [ '3.1.3' ],
1744 silly audit   'fb-watchman': [ '2.0.2' ],
1744 silly audit   fsevents: [ '2.3.3' ],
1744 silly audit   picomatch: [ '4.0.4', '2.3.2' ],
1744 silly audit   walker: [ '1.0.8' ],
1744 silly audit   'normalize-path': [ '3.0.0' ],
1744 silly audit   bser: [ '2.1.1' ],
1744 silly audit   'node-int64': [ '0.4.0' ],
1744 silly audit   'jest-diff': [ '30.4.1' ],
1744 silly audit   '@jest/diff-sequences': [ '30.4.0' ],
1744 silly audit   '@types/stack-utils': [ '2.0.3' ],
1744 silly audit   'jest-pnp-resolver': [ '1.2.3' ],
1744 silly audit   'unrs-resolver': [ '1.11.1' ],
1744 silly audit   emittery: [ '0.13.1' ],
1744 silly audit   'jest-leak-detector': [ '30.4.1' ],
1744 silly audit   'source-map-support': [ '0.5.13' ],
1744 silly audit   '@jest/globals': [ '30.4.1' ],
1744 silly audit   '@jest/source-map': [ '30.0.1' ],
1744 silly audit   'cjs-module-lexer': [ '2.2.0' ],
1744 silly audit   'strip-bom': [ '4.0.0' ],
1744 silly audit   callsites: [ '3.1.0' ],
1744 silly audit   '@babel/plugin-syntax-jsx': [ '7.28.6' ],
1744 silly audit   '@babel/plugin-syntax-typescript': [ '7.28.6' ],
1744 silly audit   '@jest/snapshot-utils': [ '30.4.1' ],
1744 silly audit   synckit: [ '0.11.12' ],
1744 silly audit   'natural-compare': [ '1.4.0' ],
1744 silly audit   leven: [ '3.1.0' ],
1744 silly audit   '@ungap/structured-clone': [ '1.3.1' ],
1744 silly audit   argparse: [ '1.0.10' ],
1744 silly audit   esprima: [ '4.0.1' ],
1744 silly audit   'sprintf-js': [ '1.0.3' ],
1744 silly audit   'p-locate': [ '4.1.0' ],
1744 silly audit   yallist: [ '3.1.1' ],
1744 silly audit   'brace-expansion': [ '2.1.0', '1.1.14' ],
1744 silly audit   'balanced-match': [ '1.0.2' ],
1744 silly audit   'mimic-fn': [ '2.1.0' ],
1744 silly audit   'yocto-queue': [ '0.1.0' ],
1744 silly audit   'error-ex': [ '1.3.4' ],
1744 silly audit   'json-parse-even-better-errors': [ '2.3.1' ],
1744 silly audit   'lines-and-columns': [ '1.2.4' ],
1744 silly audit   'is-arrayish': [ '0.2.1' ],
1744 silly audit   'react-is': [ '18.3.1', '19.2.6' ],
1744 silly audit   'shebang-regex': [ '3.0.0' ],
1744 silly audit   'buffer-from': [ '1.1.2' ],
1744 silly audit   'source-map': [ '0.6.1' ],
1744 silly audit   'escape-string-regexp': [ '2.0.0' ],
1744 silly audit   'char-regex': [ '1.0.2' ],
1744 silly audit   eastasianwidth: [ '0.2.0' ],
1744 silly audit   'emoji-regex': [ '9.2.2', '8.0.0' ],
1744 silly audit   'is-fullwidth-code-point': [ '3.0.0' ],
1744 silly audit   'ansi-regex': [ '6.2.2', '5.0.1' ],
1744 silly audit   methods: [ '1.1.2' ],
1744 silly audit   superagent: [ '10.3.0' ],
1744 silly audit   'component-emitter': [ '1.3.1' ],
1744 silly audit   cookiejar: [ '2.1.4' ],
1744 silly audit   'fast-safe-stringify': [ '2.1.1' ],
1744 silly audit   'form-data': [ '4.0.5' ],
1744 silly audit   formidable: [ '3.5.4' ],
1744 silly audit   mime: [ '2.6.0' ],
1744 silly audit   asynckit: [ '0.4.0' ],
1744 silly audit   'combined-stream': [ '1.0.8' ],
1744 silly audit   'es-set-tostringtag': [ '2.1.0' ],
1744 silly audit   'delayed-stream': [ '1.0.0' ],
1744 silly audit   'has-tostringtag': [ '1.0.2' ],
1744 silly audit   '@paralleldrive/cuid2': [ '2.3.1' ],
1744 silly audit   dezalgo: [ '1.0.4' ],
1744 silly audit   '@noble/hashes': [ '1.8.0' ],
1744 silly audit   asap: [ '2.0.6' ],
1744 silly audit   'has-flag': [ '4.0.0' ],
1744 silly audit   '@pkgr/core': [ '0.2.9' ],
1744 silly audit   '@unrs/resolver-binding-android-arm-eabi': [ '1.11.1' ],
1744 silly audit   '@unrs/resolver-binding-android-arm64': [ '1.11.1' ],
1744 silly audit   '@unrs/resolver-binding-darwin-arm64': [ '1.11.1' ],
1744 silly audit   '@unrs/resolver-binding-darwin-x64': [ '1.11.1' ],
1744 silly audit   '@unrs/resolver-binding-freebsd-x64': [ '1.11.1' ],
1744 silly audit   '@unrs/resolver-binding-linux-arm-gnueabihf': [ '1.11.1' ],
1744 silly audit   '@unrs/resolver-binding-linux-arm-musleabihf': [ '1.11.1' ],
1744 silly audit   '@unrs/resolver-binding-linux-arm64-gnu': [ '1.11.1' ],
1744 silly audit   '@unrs/resolver-binding-linux-arm64-musl': [ '1.11.1' ],
1744 silly audit   '@unrs/resolver-binding-linux-ppc64-gnu': [ '1.11.1' ],
1744 silly audit   '@unrs/resolver-binding-linux-riscv64-gnu': [ '1.11.1' ],
1744 silly audit   '@unrs/resolver-binding-linux-riscv64-musl': [ '1.11.1' ],
1744 silly audit   '@unrs/resolver-binding-linux-s390x-gnu': [ '1.11.1' ],
1744 silly audit   '@unrs/resolver-binding-linux-x64-gnu': [ '1.11.1' ],
1744 silly audit   '@unrs/resolver-binding-linux-x64-musl': [ '1.11.1' ],
1744 silly audit   '@unrs/resolver-binding-wasm32-wasi': [ '1.11.1' ],
1744 silly audit   '@unrs/resolver-binding-win32-arm64-msvc': [ '1.11.1' ],
1744 silly audit   '@unrs/resolver-binding-win32-ia32-msvc': [ '1.11.1' ],
1744 silly audit   '@unrs/resolver-binding-win32-x64-msvc': [ '1.11.1' ],
1744 silly audit   'napi-postinstall': [ '0.3.4' ],
1744 silly audit   '@napi-rs/wasm-runtime': [ '0.2.12' ],
1744 silly audit   '@emnapi/core': [ '1.10.0' ],
1744 silly audit   '@emnapi/runtime': [ '1.10.0' ],
1744 silly audit   '@tybys/wasm-util': [ '0.10.2' ],
1744 silly audit   '@emnapi/wasi-threads': [ '1.2.1' ],
1744 silly audit   tslib: [ '2.8.1' ],
1744 silly audit   escalade: [ '3.2.0' ],
1744 silly audit   makeerror: [ '1.0.12' ],
1744 silly audit   tmpl: [ '1.0.5' ],
1744 silly audit   isexe: [ '2.0.0' ],
1744 silly audit   imurmurhash: [ '0.1.4' ],
1744 silly audit   cliui: [ '8.0.1' ],
1744 silly audit   'get-caller-file': [ '2.0.5' ],
1744 silly audit   'require-directory': [ '2.1.1' ],
1744 silly audit   y18n: [ '5.0.8' ],
1744 silly audit   'yargs-parser': [ '21.1.1' ],
1744 silly audit   'p-try': [ '2.2.0' ],
1744 silly audit   'fs.realpath': [ '1.0.0' ],
1744 silly audit   inflight: [ '1.0.6' ],
1744 silly audit   'path-is-absolute': [ '1.0.1' ],
1744 silly audit   'concat-map': [ '0.0.1' ]
1744 silly audit }
1745 verbose reify failed optional dependency /Users/absaad/Desktop/todo-api/node_modules/@unrs/resolver-binding-win32-x64-msvc
1746 silly reify mark deleted [
1746 silly reify   '/Users/absaad/Desktop/todo-api/node_modules/@unrs/resolver-binding-win32-x64-msvc'
1746 silly reify ]
1747 verbose reify failed optional dependency /Users/absaad/Desktop/todo-api/node_modules/@unrs/resolver-binding-win32-ia32-msvc
1748 silly reify mark deleted [
1748 silly reify   '/Users/absaad/Desktop/todo-api/node_modules/@unrs/resolver-binding-win32-ia32-msvc'
1748 silly reify ]
1749 verbose reify failed optional dependency /Users/absaad/Desktop/todo-api/node_modules/@unrs/resolver-binding-win32-arm64-msvc
1750 silly reify mark deleted [
1750 silly reify   '/Users/absaad/Desktop/todo-api/node_modules/@unrs/resolver-binding-win32-arm64-msvc'
1750 silly reify ]
1751 verbose reify failed optional dependency /Users/absaad/Desktop/todo-api/node_modules/@unrs/resolver-binding-wasm32-wasi
1752 silly reify mark deleted [
1752 silly reify   '/Users/absaad/Desktop/todo-api/node_modules/@unrs/resolver-binding-wasm32-wasi'
1752 silly reify ]
1753 verbose reify failed optional dependency /Users/absaad/Desktop/todo-api/node_modules/@napi-rs/wasm-runtime
1754 silly reify mark deleted [ '/Users/absaad/Desktop/todo-api/node_modules/@napi-rs/wasm-runtime' ]
1755 verbose reify failed optional dependency /Users/absaad/Desktop/todo-api/node_modules/@emnapi/core
1756 silly reify mark deleted [ '/Users/absaad/Desktop/todo-api/node_modules/@emnapi/core' ]
1757 verbose reify failed optional dependency /Users/absaad/Desktop/todo-api/node_modules/@emnapi/runtime
1758 silly reify mark deleted [ '/Users/absaad/Desktop/todo-api/node_modules/@emnapi/runtime' ]
1759 verbose reify failed optional dependency /Users/absaad/Desktop/todo-api/node_modules/@tybys/wasm-util
1760 silly reify mark deleted [ '/Users/absaad/Desktop/todo-api/node_modules/@tybys/wasm-util' ]
1761 verbose reify failed optional dependency /Users/absaad/Desktop/todo-api/node_modules/@emnapi/wasi-threads
1762 silly reify mark deleted [ '/Users/absaad/Desktop/todo-api/node_modules/@emnapi/wasi-threads' ]
1763 verbose reify failed optional dependency /Users/absaad/Desktop/todo-api/node_modules/tslib
1764 silly reify mark deleted [ '/Users/absaad/Desktop/todo-api/node_modules/tslib' ]
1765 verbose reify failed optional dependency /Users/absaad/Desktop/todo-api/node_modules/@unrs/resolver-binding-linux-x64-musl
1766 silly reify mark deleted [
1766 silly reify   '/Users/absaad/Desktop/todo-api/node_modules/@unrs/resolver-binding-linux-x64-musl'
1766 silly reify ]
1767 verbose reify failed optional dependency /Users/absaad/Desktop/todo-api/node_modules/@unrs/resolver-binding-linux-x64-gnu
1768 silly reify mark deleted [
1768 silly reify   '/Users/absaad/Desktop/todo-api/node_modules/@unrs/resolver-binding-linux-x64-gnu'
1768 silly reify ]
1769 verbose reify failed optional dependency /Users/absaad/Desktop/todo-api/node_modules/@unrs/resolver-binding-linux-s390x-gnu
1770 silly reify mark deleted [
1770 silly reify   '/Users/absaad/Desktop/todo-api/node_modules/@unrs/resolver-binding-linux-s390x-gnu'
1770 silly reify ]
1771 verbose reify failed optional dependency /Users/absaad/Desktop/todo-api/node_modules/@unrs/resolver-binding-linux-riscv64-musl
1772 silly reify mark deleted [
1772 silly reify   '/Users/absaad/Desktop/todo-api/node_modules/@unrs/resolver-binding-linux-riscv64-musl'
1772 silly reify ]
1773 verbose reify failed optional dependency /Users/absaad/Desktop/todo-api/node_modules/@unrs/resolver-binding-linux-riscv64-gnu
1774 silly reify mark deleted [
1774 silly reify   '/Users/absaad/Desktop/todo-api/node_modules/@unrs/resolver-binding-linux-riscv64-gnu'
1774 silly reify ]
1775 verbose reify failed optional dependency /Users/absaad/Desktop/todo-api/node_modules/@unrs/resolver-binding-linux-ppc64-gnu
1776 silly reify mark deleted [
1776 silly reify   '/Users/absaad/Desktop/todo-api/node_modules/@unrs/resolver-binding-linux-ppc64-gnu'
1776 silly reify ]
1777 verbose reify failed optional dependency /Users/absaad/Desktop/todo-api/node_modules/@unrs/resolver-binding-linux-arm64-musl
1778 silly reify mark deleted [
1778 silly reify   '/Users/absaad/Desktop/todo-api/node_modules/@unrs/resolver-binding-linux-arm64-musl'
1778 silly reify ]
1779 verbose reify failed optional dependency /Users/absaad/Desktop/todo-api/node_modules/@unrs/resolver-binding-linux-arm64-gnu
1780 silly reify mark deleted [
1780 silly reify   '/Users/absaad/Desktop/todo-api/node_modules/@unrs/resolver-binding-linux-arm64-gnu'
1780 silly reify ]
1781 verbose reify failed optional dependency /Users/absaad/Desktop/todo-api/node_modules/@unrs/resolver-binding-linux-arm-musleabihf
1782 silly reify mark deleted [
1782 silly reify   '/Users/absaad/Desktop/todo-api/node_modules/@unrs/resolver-binding-linux-arm-musleabihf'
1782 silly reify ]
1783 verbose reify failed optional dependency /Users/absaad/Desktop/todo-api/node_modules/@unrs/resolver-binding-linux-arm-gnueabihf
1784 silly reify mark deleted [
1784 silly reify   '/Users/absaad/Desktop/todo-api/node_modules/@unrs/resolver-binding-linux-arm-gnueabihf'
1784 silly reify ]
1785 verbose reify failed optional dependency /Users/absaad/Desktop/todo-api/node_modules/@unrs/resolver-binding-freebsd-x64
1786 silly reify mark deleted [
1786 silly reify   '/Users/absaad/Desktop/todo-api/node_modules/@unrs/resolver-binding-freebsd-x64'
1786 silly reify ]
1787 verbose reify failed optional dependency /Users/absaad/Desktop/todo-api/node_modules/@unrs/resolver-binding-darwin-x64
1788 silly reify mark deleted [
1788 silly reify   '/Users/absaad/Desktop/todo-api/node_modules/@unrs/resolver-binding-darwin-x64'
1788 silly reify ]
1789 verbose reify failed optional dependency /Users/absaad/Desktop/todo-api/node_modules/@unrs/resolver-binding-android-arm64
1790 silly reify mark deleted [
1790 silly reify   '/Users/absaad/Desktop/todo-api/node_modules/@unrs/resolver-binding-android-arm64'
1790 silly reify ]
1791 verbose reify failed optional dependency /Users/absaad/Desktop/todo-api/node_modules/@unrs/resolver-binding-android-arm-eabi
1792 silly reify mark deleted [
1792 silly reify   '/Users/absaad/Desktop/todo-api/node_modules/@unrs/resolver-binding-android-arm-eabi'
1792 silly reify ]
1793 http cache path-is-absolute@https://registry.npmjs.org/path-is-absolute/-/path-is-absolute-1.0.1.tgz 0ms (cache hit)
1794 http cache concat-map@https://registry.npmjs.org/concat-map/-/concat-map-0.0.1.tgz 0ms (cache hit)
1795 http cache fs.realpath@https://registry.npmjs.org/fs.realpath/-/fs.realpath-1.0.0.tgz 0ms (cache hit)
1796 http cache yargs-parser@https://registry.npmjs.org/yargs-parser/-/yargs-parser-21.1.1.tgz 0ms (cache hit)
1797 http cache p-try@https://registry.npmjs.org/p-try/-/p-try-2.2.0.tgz 0ms (cache hit)
1798 http cache cliui@https://registry.npmjs.org/cliui/-/cliui-8.0.1.tgz 0ms (cache hit)
1799 http cache y18n@https://registry.npmjs.org/y18n/-/y18n-5.0.8.tgz 0ms (cache hit)
1800 http cache require-directory@https://registry.npmjs.org/require-directory/-/require-directory-2.1.1.tgz 0ms (cache hit)
1801 http cache get-caller-file@https://registry.npmjs.org/get-caller-file/-/get-caller-file-2.0.5.tgz 0ms (cache hit)
1802 http cache imurmurhash@https://registry.npmjs.org/imurmurhash/-/imurmurhash-0.1.4.tgz 0ms (cache hit)
1803 http cache isexe@https://registry.npmjs.org/isexe/-/isexe-2.0.0.tgz 0ms (cache hit)
1804 http cache tmpl@https://registry.npmjs.org/tmpl/-/tmpl-1.0.5.tgz 0ms (cache hit)
1805 http cache makeerror@https://registry.npmjs.org/makeerror/-/makeerror-1.0.12.tgz 0ms (cache hit)
1806 http cache escalade@https://registry.npmjs.org/escalade/-/escalade-3.2.0.tgz 0ms (cache hit)
1807 http cache tslib@https://registry.npmjs.org/tslib/-/tslib-2.8.1.tgz 0ms (cache hit)
1808 http cache @tybys/wasm-util@https://registry.npmjs.org/@tybys/wasm-util/-/wasm-util-0.10.2.tgz 0ms (cache hit)
1809 http cache @napi-rs/wasm-runtime@https://registry.npmjs.org/@napi-rs/wasm-runtime/-/wasm-runtime-0.2.12.tgz 0ms (cache hit)
1810 http cache @emnapi/runtime@https://registry.npmjs.org/@emnapi/runtime/-/runtime-1.10.0.tgz 0ms (cache hit)
1811 http cache napi-postinstall@https://registry.npmjs.org/napi-postinstall/-/napi-postinstall-0.3.4.tgz 0ms (cache hit)
1812 http cache @emnapi/core@https://registry.npmjs.org/@emnapi/core/-/core-1.10.0.tgz 0ms (cache hit)
1813 http cache @emnapi/wasi-threads@https://registry.npmjs.org/@emnapi/wasi-threads/-/wasi-threads-1.2.1.tgz 0ms (cache hit)
1814 http cache has-flag@https://registry.npmjs.org/has-flag/-/has-flag-4.0.0.tgz 0ms (cache hit)
1815 http cache @pkgr/core@https://registry.npmjs.org/@pkgr/core/-/core-0.2.9.tgz 0ms (cache hit)
1816 http cache @noble/hashes@https://registry.npmjs.org/@noble/hashes/-/hashes-1.8.0.tgz 0ms (cache hit)
1817 http cache asap@https://registry.npmjs.org/asap/-/asap-2.0.6.tgz 0ms (cache hit)
1818 http cache @paralleldrive/cuid2@https://registry.npmjs.org/@paralleldrive/cuid2/-/cuid2-2.3.1.tgz 0ms (cache hit)
1819 http cache has-tostringtag@https://registry.npmjs.org/has-tostringtag/-/has-tostringtag-1.0.2.tgz 0ms (cache hit)
1820 http cache delayed-stream@https://registry.npmjs.org/delayed-stream/-/delayed-stream-1.0.0.tgz 0ms (cache hit)
1821 http cache dezalgo@https://registry.npmjs.org/dezalgo/-/dezalgo-1.0.4.tgz 0ms (cache hit)
1822 http cache @unrs/resolver-binding-darwin-arm64@https://registry.npmjs.org/@unrs/resolver-binding-darwin-arm64/-/resolver-binding-darwin-arm64-1.11.1.tgz 0ms (cache hit)
1823 http cache asynckit@https://registry.npmjs.org/asynckit/-/asynckit-0.4.0.tgz 0ms (cache hit)
1824 http cache mime@https://registry.npmjs.org/mime/-/mime-2.6.0.tgz 0ms (cache hit)
1825 http cache combined-stream@https://registry.npmjs.org/combined-stream/-/combined-stream-1.0.8.tgz 0ms (cache hit)
1826 http cache form-data@https://registry.npmjs.org/form-data/-/form-data-4.0.5.tgz 0ms (cache hit)
1827 http cache inflight@https://registry.npmjs.org/inflight/-/inflight-1.0.6.tgz 0ms (cache hit)
1828 http cache formidable@https://registry.npmjs.org/formidable/-/formidable-3.5.4.tgz 0ms (cache hit)
1829 http cache cookiejar@https://registry.npmjs.org/cookiejar/-/cookiejar-2.1.4.tgz 0ms (cache hit)
1830 http cache superagent@https://registry.npmjs.org/superagent/-/superagent-10.3.0.tgz 0ms (cache hit)
1831 http cache component-emitter@https://registry.npmjs.org/component-emitter/-/component-emitter-1.3.1.tgz 0ms (cache hit)
1832 http cache methods@https://registry.npmjs.org/methods/-/methods-1.1.2.tgz 0ms (cache hit)
1833 http cache ansi-regex@https://registry.npmjs.org/ansi-regex/-/ansi-regex-6.2.2.tgz 0ms (cache hit)
1834 http cache is-fullwidth-code-point@https://registry.npmjs.org/is-fullwidth-code-point/-/is-fullwidth-code-point-3.0.0.tgz 0ms (cache hit)
1835 http cache eastasianwidth@https://registry.npmjs.org/eastasianwidth/-/eastasianwidth-0.2.0.tgz 0ms (cache hit)
1836 http cache emoji-regex@https://registry.npmjs.org/emoji-regex/-/emoji-regex-9.2.2.tgz 0ms (cache hit)
1837 http cache escape-string-regexp@https://registry.npmjs.org/escape-string-regexp/-/escape-string-regexp-2.0.0.tgz 0ms (cache hit)
1838 http cache es-set-tostringtag@https://registry.npmjs.org/es-set-tostringtag/-/es-set-tostringtag-2.1.0.tgz 0ms (cache hit)
1839 http cache source-map@https://registry.npmjs.org/source-map/-/source-map-0.6.1.tgz 0ms (cache hit)
1840 http cache char-regex@https://registry.npmjs.org/char-regex/-/char-regex-1.0.2.tgz 0ms (cache hit)
1841 http cache react-is-19@https://registry.npmjs.org/react-is/-/react-is-19.2.6.tgz 0ms (cache hit)
1842 http cache is-arrayish@https://registry.npmjs.org/is-arrayish/-/is-arrayish-0.2.1.tgz 0ms (cache hit)
1843 http cache react-is-18@https://registry.npmjs.org/react-is/-/react-is-18.3.1.tgz 0ms (cache hit)
1844 http cache buffer-from@https://registry.npmjs.org/buffer-from/-/buffer-from-1.1.2.tgz 0ms (cache hit)
1845 http cache lines-and-columns@https://registry.npmjs.org/lines-and-columns/-/lines-and-columns-1.2.4.tgz 0ms (cache hit)
1846 http cache error-ex@https://registry.npmjs.org/error-ex/-/error-ex-1.3.4.tgz 0ms (cache hit)
1847 http cache json-parse-even-better-errors@https://registry.npmjs.org/json-parse-even-better-errors/-/json-parse-even-better-errors-2.3.1.tgz 0ms (cache hit)
1848 http cache yocto-queue@https://registry.npmjs.org/yocto-queue/-/yocto-queue-0.1.0.tgz 0ms (cache hit)
1849 http cache mimic-fn@https://registry.npmjs.org/mimic-fn/-/mimic-fn-2.1.0.tgz 0ms (cache hit)
1850 http cache brace-expansion@https://registry.npmjs.org/brace-expansion/-/brace-expansion-2.1.0.tgz 0ms (cache hit)
1851 http cache balanced-match@https://registry.npmjs.org/balanced-match/-/balanced-match-1.0.2.tgz 0ms (cache hit)
1852 http cache p-locate@https://registry.npmjs.org/p-locate/-/p-locate-4.1.0.tgz 0ms (cache hit)
1853 http cache yallist@https://registry.npmjs.org/yallist/-/yallist-3.1.1.tgz 0ms (cache hit)
1854 http cache esprima@https://registry.npmjs.org/esprima/-/esprima-4.0.1.tgz 0ms (cache hit)
1855 http cache argparse@https://registry.npmjs.org/argparse/-/argparse-1.0.10.tgz 0ms (cache hit)
1856 http cache @ungap/structured-clone@https://registry.npmjs.org/@ungap/structured-clone/-/structured-clone-1.3.1.tgz 0ms (cache hit)
1857 http cache leven@https://registry.npmjs.org/leven/-/leven-3.1.0.tgz 0ms (cache hit)
1858 http cache sprintf-js@https://registry.npmjs.org/sprintf-js/-/sprintf-js-1.0.3.tgz 0ms (cache hit)
1859 http cache synckit@https://registry.npmjs.org/synckit/-/synckit-0.11.12.tgz 0ms (cache hit)
1860 http cache natural-compare@https://registry.npmjs.org/natural-compare/-/natural-compare-1.4.0.tgz 0ms (cache hit)
1861 http cache shebang-regex@https://registry.npmjs.org/shebang-regex/-/shebang-regex-3.0.0.tgz 0ms (cache hit)
1862 http cache @babel/plugin-syntax-typescript@https://registry.npmjs.org/@babel/plugin-syntax-typescript/-/plugin-syntax-typescript-7.28.6.tgz 0ms (cache hit)
1863 http cache @babel/plugin-syntax-jsx@https://registry.npmjs.org/@babel/plugin-syntax-jsx/-/plugin-syntax-jsx-7.28.6.tgz 0ms (cache hit)
1864 http cache callsites@https://registry.npmjs.org/callsites/-/callsites-3.1.0.tgz 0ms (cache hit)
1865 http cache @jest/source-map@https://registry.npmjs.org/@jest/source-map/-/source-map-30.0.1.tgz 0ms (cache hit)
1866 http cache @jest/globals@https://registry.npmjs.org/@jest/globals/-/globals-30.4.1.tgz 0ms (cache hit)
1867 http cache @jest/snapshot-utils@https://registry.npmjs.org/@jest/snapshot-utils/-/snapshot-utils-30.4.1.tgz 0ms (cache hit)
1868 http cache fast-safe-stringify@https://registry.npmjs.org/fast-safe-stringify/-/fast-safe-stringify-2.1.1.tgz 0ms (cache hit)
1869 http cache source-map-support@https://registry.npmjs.org/source-map-support/-/source-map-support-0.5.13.tgz 0ms (cache hit)
1870 http cache jest-leak-detector@https://registry.npmjs.org/jest-leak-detector/-/jest-leak-detector-30.4.1.tgz 0ms (cache hit)
1871 http cache unrs-resolver@https://registry.npmjs.org/unrs-resolver/-/unrs-resolver-1.11.1.tgz 0ms (cache hit)
1872 http cache emittery@https://registry.npmjs.org/emittery/-/emittery-0.13.1.tgz 0ms (cache hit)
1873 http cache @types/stack-utils@https://registry.npmjs.org/@types/stack-utils/-/stack-utils-2.0.3.tgz 0ms (cache hit)
1874 http cache jest-diff@https://registry.npmjs.org/jest-diff/-/jest-diff-30.4.1.tgz 0ms (cache hit)
1875 http cache @jest/diff-sequences@https://registry.npmjs.org/@jest/diff-sequences/-/diff-sequences-30.4.0.tgz 0ms (cache hit)
1876 http cache jest-pnp-resolver@https://registry.npmjs.org/jest-pnp-resolver/-/jest-pnp-resolver-1.2.3.tgz 0ms (cache hit)
1877 http cache node-int64@https://registry.npmjs.org/node-int64/-/node-int64-0.4.0.tgz 0ms (cache hit)
1878 http cache walker@https://registry.npmjs.org/walker/-/walker-1.0.8.tgz 0ms (cache hit)
1879 http cache cjs-module-lexer@https://registry.npmjs.org/cjs-module-lexer/-/cjs-module-lexer-2.2.0.tgz 0ms (cache hit)
1880 http cache picomatch@https://registry.npmjs.org/picomatch/-/picomatch-4.0.4.tgz 0ms (cache hit)
1881 http cache strip-bom@https://registry.npmjs.org/strip-bom/-/strip-bom-4.0.0.tgz 0ms (cache hit)
1882 http cache bser@https://registry.npmjs.org/bser/-/bser-2.1.1.tgz 0ms (cache hit)
1883 http cache normalize-path@https://registry.npmjs.org/normalize-path/-/normalize-path-3.0.0.tgz 0ms (cache hit)
1884 http cache fsevents@https://registry.npmjs.org/fsevents/-/fsevents-2.3.3.tgz 0ms (cache hit)
1885 http cache anymatch@https://registry.npmjs.org/anymatch/-/anymatch-3.1.3.tgz 0ms (cache hit)
1886 http cache detect-newline@https://registry.npmjs.org/detect-newline/-/detect-newline-3.1.0.tgz 0ms (cache hit)
1887 http cache type-detect@https://registry.npmjs.org/type-detect/-/type-detect-4.0.8.tgz 0ms (cache hit)
1888 http cache @jest/expect-utils@https://registry.npmjs.org/@jest/expect-utils/-/expect-utils-30.4.1.tgz 0ms (cache hit)
1889 http cache @sinonjs/commons@https://registry.npmjs.org/@sinonjs/commons/-/commons-3.0.1.tgz 0ms (cache hit)
1890 http cache @sinonjs/fake-timers@https://registry.npmjs.org/@sinonjs/fake-timers/-/fake-timers-15.4.0.tgz 0ms (cache hit)
1891 http cache jest-mock@https://registry.npmjs.org/jest-mock/-/jest-mock-30.4.1.tgz 0ms (cache hit)
1892 http cache @jest/fake-timers@https://registry.npmjs.org/@jest/fake-timers/-/fake-timers-30.4.1.tgz 0ms (cache hit)
1893 http cache stack-utils@https://registry.npmjs.org/stack-utils/-/stack-utils-2.0.6.tgz 0ms (cache hit)
1894 http cache pure-rand@https://registry.npmjs.org/pure-rand/-/pure-rand-7.0.1.tgz 0ms (cache hit)
1895 http cache jest-matcher-utils@https://registry.npmjs.org/jest-matcher-utils/-/jest-matcher-utils-30.4.1.tgz 0ms (cache hit)
1896 http cache fb-watchman@https://registry.npmjs.org/fb-watchman/-/fb-watchman-2.0.2.tgz 0ms (cache hit)
1897 http cache is-generator-fn@https://registry.npmjs.org/is-generator-fn/-/is-generator-fn-2.1.0.tgz 0ms (cache hit)
1898 http cache dedent@https://registry.npmjs.org/dedent/-/dedent-1.7.2.tgz 0ms (cache hit)
1899 http cache expect@https://registry.npmjs.org/expect/-/expect-30.4.1.tgz 0ms (cache hit)
1900 http cache @jest/expect@https://registry.npmjs.org/@jest/expect/-/expect-30.4.1.tgz 0ms (cache hit)
1901 http cache @jest/environment@https://registry.npmjs.org/@jest/environment/-/environment-30.4.1.tgz 0ms (cache hit)
1902 http cache @babel/plugin-syntax-private-property-in-object@https://registry.npmjs.org/@babel/plugin-syntax-private-property-in-object/-/plugin-syntax-private-property-in-object-7.14.5.tgz 0ms (cache hit)
1903 http cache @babel/plugin-syntax-top-level-await@https://registry.npmjs.org/@babel/plugin-syntax-top-level-await/-/plugin-syntax-top-level-await-7.14.5.tgz 0ms (cache hit)
1904 http cache @babel/plugin-syntax-optional-chaining@https://registry.npmjs.org/@babel/plugin-syntax-optional-chaining/-/plugin-syntax-optional-chaining-7.8.3.tgz 0ms (cache hit)
1905 http cache @babel/plugin-syntax-optional-catch-binding@https://registry.npmjs.org/@babel/plugin-syntax-optional-catch-binding/-/plugin-syntax-optional-catch-binding-7.8.3.tgz 0ms (cache hit)
1906 http cache jest-each@https://registry.npmjs.org/jest-each/-/jest-each-30.4.1.tgz 0ms (cache hit)
1907 http cache @babel/plugin-syntax-numeric-separator@https://registry.npmjs.org/@babel/plugin-syntax-numeric-separator/-/plugin-syntax-numeric-separator-7.10.4.tgz 0ms (cache hit)
1908 http cache @babel/plugin-syntax-nullish-coalescing-operator@https://registry.npmjs.org/@babel/plugin-syntax-nullish-coalescing-operator/-/plugin-syntax-nullish-coalescing-operator-7.8.3.tgz 0ms (cache hit)
1909 http cache @babel/plugin-syntax-logical-assignment-operators@https://registry.npmjs.org/@babel/plugin-syntax-logical-assignment-operators/-/plugin-syntax-logical-assignment-operators-7.10.4.tgz 0ms (cache hit)
1910 http cache co@https://registry.npmjs.org/co/-/co-4.6.0.tgz 0ms (cache hit)
1911 http cache @babel/plugin-syntax-json-strings@https://registry.npmjs.org/@babel/plugin-syntax-json-strings/-/plugin-syntax-json-strings-7.8.3.tgz 0ms (cache hit)
1912 http cache @babel/plugin-syntax-import-meta@https://registry.npmjs.org/@babel/plugin-syntax-import-meta/-/plugin-syntax-import-meta-7.10.4.tgz 0ms (cache hit)
1913 http cache @babel/plugin-syntax-class-static-block@https://registry.npmjs.org/@babel/plugin-syntax-class-static-block/-/plugin-syntax-class-static-block-7.14.5.tgz 0ms (cache hit)
1914 http cache @babel/plugin-syntax-import-attributes@https://registry.npmjs.org/@babel/plugin-syntax-import-attributes/-/plugin-syntax-import-attributes-7.28.6.tgz 0ms (cache hit)
1915 http cache @babel/plugin-syntax-bigint@https://registry.npmjs.org/@babel/plugin-syntax-bigint/-/plugin-syntax-bigint-7.8.3.tgz 0ms (cache hit)
1916 http cache @babel/plugin-syntax-async-generators@https://registry.npmjs.org/@babel/plugin-syntax-async-generators/-/plugin-syntax-async-generators-7.8.4.tgz 0ms (cache hit)
1917 http cache @babel/plugin-syntax-object-rest-spread@https://registry.npmjs.org/@babel/plugin-syntax-object-rest-spread/-/plugin-syntax-object-rest-spread-7.8.3.tgz 0ms (cache hit)
1918 http cache babel-preset-current-node-syntax@https://registry.npmjs.org/babel-preset-current-node-syntax/-/babel-preset-current-node-syntax-1.2.0.tgz 0ms (cache hit)
1919 http cache babel-plugin-jest-hoist@https://registry.npmjs.org/babel-plugin-jest-hoist/-/babel-plugin-jest-hoist-30.4.0.tgz 0ms (cache hit)
1920 http cache @types/babel__traverse@https://registry.npmjs.org/@types/babel__traverse/-/babel__traverse-7.28.0.tgz 0ms (cache hit)
1921 http cache @types/babel__template@https://registry.npmjs.org/@types/babel__template/-/babel__template-7.4.4.tgz 0ms (cache hit)
1922 http cache @types/babel__generator@https://registry.npmjs.org/@types/babel__generator/-/babel__generator-7.27.0.tgz 0ms (cache hit)
1923 http cache strip-json-comments@https://registry.npmjs.org/strip-json-comments/-/strip-json-comments-3.1.1.tgz 0ms (cache hit)
1924 http cache parse-json@https://registry.npmjs.org/parse-json/-/parse-json-5.2.0.tgz 0ms (cache hit)
1925 http cache jest-environment-node@https://registry.npmjs.org/jest-environment-node/-/jest-environment-node-30.4.1.tgz 0ms (cache hit)
1926 http cache @types/babel__core@https://registry.npmjs.org/@types/babel__core/-/babel__core-7.20.5.tgz 0ms (cache hit)
1927 http cache jest-circus@https://registry.npmjs.org/jest-circus/-/jest-circus-30.4.2.tgz 0ms (cache hit)
1928 http cache deepmerge@https://registry.npmjs.org/deepmerge/-/deepmerge-4.3.1.tgz 0ms (cache hit)
1929 http cache babel-preset-jest@https://registry.npmjs.org/babel-preset-jest/-/babel-preset-jest-30.4.0.tgz 0ms (cache hit)
1930 http cache @jest/test-sequencer@https://registry.npmjs.org/@jest/test-sequencer/-/test-sequencer-30.4.1.tgz 0ms (cache hit)
1931 http cache babel-jest@https://registry.npmjs.org/babel-jest/-/babel-jest-30.4.1.tgz 0ms (cache hit)
1932 http cache @jest/get-type@https://registry.npmjs.org/@jest/get-type/-/get-type-30.1.0.tgz 0ms (cache hit)
1933 http cache npm-run-path@https://registry.npmjs.org/npm-run-path/-/npm-run-path-4.0.1.tgz 0ms (cache hit)
1934 http cache onetime@https://registry.npmjs.org/onetime/-/onetime-5.1.2.tgz 0ms (cache hit)
1935 http cache strip-final-newline@https://registry.npmjs.org/strip-final-newline/-/strip-final-newline-2.0.0.tgz 0ms (cache hit)
1936 http cache is-stream@https://registry.npmjs.org/is-stream/-/is-stream-2.0.1.tgz 0ms (cache hit)
1937 http cache human-signals@https://registry.npmjs.org/human-signals/-/human-signals-2.1.0.tgz 0ms (cache hit)
1938 http cache merge-stream@https://registry.npmjs.org/merge-stream/-/merge-stream-2.0.0.tgz 0ms (cache hit)
1939 http cache get-stream@https://registry.npmjs.org/get-stream/-/get-stream-6.0.1.tgz 0ms (cache hit)
1940 http cache execa@https://registry.npmjs.org/execa/-/execa-5.1.1.tgz 0ms (cache hit)
1941 http cache wrap-ansi-cjs@https://registry.npmjs.org/wrap-ansi/-/wrap-ansi-7.0.0.tgz 0ms (cache hit)
1942 http cache wrap-ansi@https://registry.npmjs.org/wrap-ansi/-/wrap-ansi-8.1.0.tgz 0ms (cache hit)
1943 http cache yargs@https://registry.npmjs.org/yargs/-/yargs-17.7.2.tgz 0ms (cache hit)
1944 http cache strip-ansi-cjs@https://registry.npmjs.org/strip-ansi/-/strip-ansi-6.0.1.tgz 0ms (cache hit)
1945 http cache p-limit@https://registry.npmjs.org/p-limit/-/p-limit-3.1.0.tgz 0ms (cache hit)
1946 http cache string-width-cjs@https://registry.npmjs.org/string-width/-/string-width-4.2.3.tgz 0ms (cache hit)
1947 http cache strip-ansi@https://registry.npmjs.org/strip-ansi/-/strip-ansi-7.2.0.tgz 0ms (cache hit)
1948 http cache @pkgjs/parseargs@https://registry.npmjs.org/@pkgjs/parseargs/-/parseargs-0.11.0.tgz 0ms (cache hit)
1949 http cache jest-docblock@https://registry.npmjs.org/jest-docblock/-/jest-docblock-30.4.0.tgz 0ms (cache hit)
1950 http cache html-escaper@https://registry.npmjs.org/html-escaper/-/html-escaper-2.0.2.tgz 0ms (cache hit)
1951 http cache @isaacs/cliui@https://registry.npmjs.org/@isaacs/cliui/-/cliui-8.0.2.tgz 0ms (cache hit)
1952 http cache pkg-dir@https://registry.npmjs.org/pkg-dir/-/pkg-dir-4.2.0.tgz 0ms (cache hit)
1953 http cache string-width@https://registry.npmjs.org/string-width/-/string-width-5.1.2.tgz 0ms (cache hit)
1954 http cache resolve-cwd@https://registry.npmjs.org/resolve-cwd/-/resolve-cwd-3.0.0.tgz 0ms (cache hit)
1955 http cache shebang-command@https://registry.npmjs.org/shebang-command/-/shebang-command-2.0.0.tgz 0ms (cache hit)
1956 http cache path-key@https://registry.npmjs.org/path-key/-/path-key-3.1.1.tgz 0ms (cache hit)
1957 http cache signal-exit@https://registry.npmjs.org/signal-exit/-/signal-exit-4.1.0.tgz 0ms (cache hit)
1958 http cache path-scurry@https://registry.npmjs.org/path-scurry/-/path-scurry-1.11.1.tgz 0ms (cache hit)
1959 http cache package-json-from-dist@https://registry.npmjs.org/package-json-from-dist/-/package-json-from-dist-1.0.1.tgz 0ms (cache hit)
1960 http cache cross-spawn@https://registry.npmjs.org/cross-spawn/-/cross-spawn-7.0.6.tgz 0ms (cache hit)
1961 http cache which@https://registry.npmjs.org/which/-/which-2.0.2.tgz 0ms (cache hit)
1962 http cache minipass@https://registry.npmjs.org/minipass/-/minipass-7.1.3.tgz 0ms (cache hit)
1963 http cache minimatch@https://registry.npmjs.org/minimatch/-/minimatch-9.0.9.tgz 0ms (cache hit)
1964 http cache foreground-child@https://registry.npmjs.org/foreground-child/-/foreground-child-3.3.1.tgz 0ms (cache hit)
1965 http cache jackspeak@https://registry.npmjs.org/jackspeak/-/jackspeak-3.4.3.tgz 0ms (cache hit)
1966 http cache path-exists@https://registry.npmjs.org/path-exists/-/path-exists-4.0.0.tgz 0ms (cache hit)
1967 http cache locate-path@https://registry.npmjs.org/locate-path/-/locate-path-5.0.0.tgz 0ms (cache hit)
1968 http cache color-convert@https://registry.npmjs.org/color-convert/-/color-convert-2.0.1.tgz 0ms (cache hit)
1969 http cache color-name@https://registry.npmjs.org/color-name/-/color-name-1.1.4.tgz 0ms (cache hit)
1970 http cache supports-color@https://registry.npmjs.org/supports-color/-/supports-color-7.2.0.tgz 0ms (cache hit)
1971 http cache ansi-styles@https://registry.npmjs.org/ansi-styles/-/ansi-styles-4.3.0.tgz 0ms (cache hit)
1972 http cache node-releases@https://registry.npmjs.org/node-releases/-/node-releases-2.0.44.tgz 0ms (cache hit)
1973 http cache update-browserslist-db@https://registry.npmjs.org/update-browserslist-db/-/update-browserslist-db-1.2.3.tgz 0ms (cache hit)
1974 http cache make-dir@https://registry.npmjs.org/make-dir/-/make-dir-4.0.0.tgz 0ms (cache hit)
1975 http cache electron-to-chromium@https://registry.npmjs.org/electron-to-chromium/-/electron-to-chromium-1.5.353.tgz 0ms (cache hit)
1976 http cache caniuse-lite@https://registry.npmjs.org/caniuse-lite/-/caniuse-lite-1.0.30001792.tgz 0ms (cache hit)
1977 http cache js-yaml@https://registry.npmjs.org/js-yaml/-/js-yaml-3.14.2.tgz 0ms (cache hit)
1978 http cache resolve-from@https://registry.npmjs.org/resolve-from/-/resolve-from-5.0.0.tgz 0ms (cache hit)
1979 http cache get-package-type@https://registry.npmjs.org/get-package-type/-/get-package-type-0.1.0.tgz 0ms (cache hit)
1980 http cache find-up@https://registry.npmjs.org/find-up/-/find-up-4.1.0.tgz 0ms (cache hit)
1981 http cache baseline-browser-mapping@https://registry.npmjs.org/baseline-browser-mapping/-/baseline-browser-mapping-2.10.29.tgz 0ms (cache hit)
1982 http cache camelcase@https://registry.npmjs.org/camelcase/-/camelcase-5.3.1.tgz 0ms (cache hit)
1983 http cache test-exclude@https://registry.npmjs.org/test-exclude/-/test-exclude-6.0.0.tgz 0ms (cache hit)
1984 http cache @istanbuljs/schema@https://registry.npmjs.org/@istanbuljs/schema/-/schema-0.1.6.tgz 0ms (cache hit)
1985 http cache @babel/helper-plugin-utils@https://registry.npmjs.org/@babel/helper-plugin-utils/-/helper-plugin-utils-7.28.6.tgz 0ms (cache hit)
1986 http cache @types/yargs-parser@https://registry.npmjs.org/@types/yargs-parser/-/yargs-parser-21.0.3.tgz 0ms (cache hit)
1987 http cache @istanbuljs/load-nyc-config@https://registry.npmjs.org/@istanbuljs/load-nyc-config/-/load-nyc-config-1.1.0.tgz 0ms (cache hit)
1988 http cache @types/istanbul-lib-report@https://registry.npmjs.org/@types/istanbul-lib-report/-/istanbul-lib-report-3.0.3.tgz 0ms (cache hit)
1989 http cache @jridgewell/resolve-uri@https://registry.npmjs.org/@jridgewell/resolve-uri/-/resolve-uri-3.1.2.tgz 0ms (cache hit)
1990 http cache @jridgewell/sourcemap-codec@https://registry.npmjs.org/@jridgewell/sourcemap-codec/-/sourcemap-codec-1.5.5.tgz 0ms (cache hit)
1991 http cache @types/yargs@https://registry.npmjs.org/@types/yargs/-/yargs-17.0.35.tgz 0ms (cache hit)
1992 http cache @sinclair/typebox@https://registry.npmjs.org/@sinclair/typebox/-/typebox-0.34.49.tgz 0ms (cache hit)
1993 http cache @babel/plugin-syntax-class-properties@https://registry.npmjs.org/@babel/plugin-syntax-class-properties/-/plugin-syntax-class-properties-7.12.13.tgz 0ms (cache hit)
1994 http cache undici-types@https://registry.npmjs.org/undici-types/-/undici-types-7.21.0.tgz 0ms (cache hit)
1995 http cache @types/istanbul-reports@https://registry.npmjs.org/@types/istanbul-reports/-/istanbul-reports-3.0.4.tgz 0ms (cache hit)
1996 http cache @babel/helper-globals@https://registry.npmjs.org/@babel/helper-globals/-/helper-globals-7.28.0.tgz 0ms (cache hit)
1997 http cache @babel/helper-module-imports@https://registry.npmjs.org/@babel/helper-module-imports/-/helper-module-imports-7.28.6.tgz 0ms (cache hit)
1998 http cache lru-cache@https://registry.npmjs.org/lru-cache/-/lru-cache-5.1.1.tgz 0ms (cache hit)
1999 http cache @babel/helper-validator-option@https://registry.npmjs.org/@babel/helper-validator-option/-/helper-validator-option-7.27.1.tgz 0ms (cache hit)
2000 http cache @jest/schemas@https://registry.npmjs.org/@jest/schemas/-/schemas-30.4.1.tgz 0ms (cache hit)
2001 http cache @babel/compat-data@https://registry.npmjs.org/@babel/compat-data/-/compat-data-7.29.3.tgz 0ms (cache hit)
2002 http cache @jridgewell/gen-mapping@https://registry.npmjs.org/@jridgewell/gen-mapping/-/gen-mapping-0.3.13.tgz 0ms (cache hit)
2003 http cache picocolors@https://registry.npmjs.org/picocolors/-/picocolors-1.1.1.tgz 0ms (cache hit)
2004 http cache @babel/helper-string-parser@https://registry.npmjs.org/@babel/helper-string-parser/-/helper-string-parser-7.27.1.tgz 0ms (cache hit)
2005 http cache js-tokens@https://registry.npmjs.org/js-tokens/-/js-tokens-4.0.0.tgz 0ms (cache hit)
2006 http cache @babel/helper-validator-identifier@https://registry.npmjs.org/@babel/helper-validator-identifier/-/helper-validator-identifier-7.28.5.tgz 0ms (cache hit)
2007 http cache jsesc@https://registry.npmjs.org/jsesc/-/jsesc-3.1.0.tgz 0ms (cache hit)
2008 http cache @jridgewell/remapping@https://registry.npmjs.org/@jridgewell/remapping/-/remapping-2.3.5.tgz 0ms (cache hit)
2009 http cache json5@https://registry.npmjs.org/json5/-/json5-2.2.3.tgz 0ms (cache hit)
2010 http cache gensync@https://registry.npmjs.org/gensync/-/gensync-1.0.0-beta.2.tgz 0ms (cache hit)
2011 http cache browserslist@https://registry.npmjs.org/browserslist/-/browserslist-4.28.2.tgz 0ms (cache hit)
2012 http cache @babel/template@https://registry.npmjs.org/@babel/template/-/template-7.28.6.tgz 0ms (cache hit)
2013 http cache @babel/helpers@https://registry.npmjs.org/@babel/helpers/-/helpers-7.29.2.tgz 0ms (cache hit)
2014 http cache @babel/parser@https://registry.npmjs.org/@babel/parser/-/parser-7.29.3.tgz 0ms (cache hit)
2015 http cache @babel/helper-compilation-targets@https://registry.npmjs.org/@babel/helper-compilation-targets/-/helper-compilation-targets-7.28.6.tgz 0ms (cache hit)
2016 http cache @babel/generator@https://registry.npmjs.org/@babel/generator/-/generator-7.29.1.tgz 0ms (cache hit)
2017 http cache @babel/code-frame@https://registry.npmjs.org/@babel/code-frame/-/code-frame-7.29.0.tgz 0ms (cache hit)
2018 http cache @babel/types@https://registry.npmjs.org/@babel/types/-/types-7.29.0.tgz 0ms (cache hit)
2019 http cache write-file-atomic@https://registry.npmjs.org/write-file-atomic/-/write-file-atomic-5.0.1.tgz 0ms (cache hit)
2020 http cache @babel/helper-module-transforms@https://registry.npmjs.org/@babel/helper-module-transforms/-/helper-module-transforms-7.28.6.tgz 0ms (cache hit)
2021 http cache convert-source-map@https://registry.npmjs.org/convert-source-map/-/convert-source-map-2.0.0.tgz 0ms (cache hit)
2022 http cache @babel/core@https://registry.npmjs.org/@babel/core/-/core-7.29.0.tgz 0ms (cache hit)
2023 http cache type-fest@https://registry.npmjs.org/type-fest/-/type-fest-0.21.3.tgz 0ms (cache hit)
2024 http cache babel-plugin-istanbul@https://registry.npmjs.org/babel-plugin-istanbul/-/babel-plugin-istanbul-7.0.1.tgz 0ms (cache hit)
2025 http cache v8-to-istanbul@https://registry.npmjs.org/v8-to-istanbul/-/v8-to-istanbul-9.3.0.tgz 0ms (cache hit)
2026 http cache string-length@https://registry.npmjs.org/string-length/-/string-length-4.0.2.tgz 0ms (cache hit)
2027 http cache jest-worker@https://registry.npmjs.org/jest-worker/-/jest-worker-30.4.1.tgz 0ms (cache hit)
2028 http cache pirates@https://registry.npmjs.org/pirates/-/pirates-4.0.7.tgz 0ms (cache hit)
2029 http cache istanbul-reports@https://registry.npmjs.org/istanbul-reports/-/istanbul-reports-3.2.0.tgz 0ms (cache hit)
2030 http cache istanbul-lib-report@https://registry.npmjs.org/istanbul-lib-report/-/istanbul-lib-report-3.0.1.tgz 0ms (cache hit)
2031 http cache istanbul-lib-instrument@https://registry.npmjs.org/istanbul-lib-instrument/-/istanbul-lib-instrument-6.0.3.tgz 0ms (cache hit)
2032 http cache istanbul-lib-coverage@https://registry.npmjs.org/istanbul-lib-coverage/-/istanbul-lib-coverage-3.2.2.tgz 0ms (cache hit)
2033 http cache glob@https://registry.npmjs.org/glob/-/glob-10.5.0.tgz 0ms (cache hit)
2034 http cache collect-v8-coverage@https://registry.npmjs.org/collect-v8-coverage/-/collect-v8-coverage-1.0.3.tgz 0ms (cache hit)
2035 http cache @jridgewell/trace-mapping@https://registry.npmjs.org/@jridgewell/trace-mapping/-/trace-mapping-0.3.31.tgz 0ms (cache hit)
2036 http cache @bcoe/v8-coverage@https://registry.npmjs.org/@bcoe/v8-coverage/-/v8-coverage-0.2.3.tgz 0ms (cache hit)
2037 http cache slash@https://registry.npmjs.org/slash/-/slash-3.0.0.tgz 0ms (cache hit)
2038 http cache istanbul-lib-source-maps@https://registry.npmjs.org/istanbul-lib-source-maps/-/istanbul-lib-source-maps-5.0.6.tgz 0ms (cache hit)
2039 http cache @babel/traverse@https://registry.npmjs.org/@babel/traverse/-/traverse-7.29.0.tgz 0ms (cache hit)
2040 http cache pretty-format@https://registry.npmjs.org/pretty-format/-/pretty-format-30.4.1.tgz 0ms (cache hit)
2041 http cache jest-validate@https://registry.npmjs.org/jest-validate/-/jest-validate-30.4.1.tgz 0ms (cache hit)
2042 http cache jest-snapshot@https://registry.npmjs.org/jest-snapshot/-/jest-snapshot-30.4.1.tgz 0ms (cache hit)
2043 http cache jest-runtime@https://registry.npmjs.org/jest-runtime/-/jest-runtime-30.4.2.tgz 0ms (cache hit)
2044 http cache jest-runner@https://registry.npmjs.org/jest-runner/-/jest-runner-30.4.2.tgz 0ms (cache hit)
2045 http cache jest-watcher@https://registry.npmjs.org/jest-watcher/-/jest-watcher-30.4.1.tgz 0ms (cache hit)
2046 http cache jest-resolve-dependencies@https://registry.npmjs.org/jest-resolve-dependencies/-/jest-resolve-dependencies-30.4.2.tgz 0ms (cache hit)
2047 http cache jest-resolve@https://registry.npmjs.org/jest-resolve/-/jest-resolve-30.4.1.tgz 0ms (cache hit)
2048 http cache jest-regex-util@https://registry.npmjs.org/jest-regex-util/-/jest-regex-util-30.4.0.tgz 0ms (cache hit)
2049 http cache jest-haste-map@https://registry.npmjs.org/jest-haste-map/-/jest-haste-map-30.4.1.tgz 0ms (cache hit)
2050 http cache jest-message-util@https://registry.npmjs.org/jest-message-util/-/jest-message-util-30.4.1.tgz 0ms (cache hit)
2051 http cache jest-config@https://registry.npmjs.org/jest-config/-/jest-config-30.4.2.tgz 0ms (cache hit)
2052 http cache graceful-fs@https://registry.npmjs.org/graceful-fs/-/graceful-fs-4.2.11.tgz 0ms (cache hit)
2053 http cache jest-changed-files@https://registry.npmjs.org/jest-changed-files/-/jest-changed-files-30.4.1.tgz 0ms (cache hit)
2054 http cache fast-json-stable-stringify@https://registry.npmjs.org/fast-json-stable-stringify/-/fast-json-stable-stringify-2.1.0.tgz 0ms (cache hit)
2055 http cache ci-info@https://registry.npmjs.org/ci-info/-/ci-info-4.4.0.tgz 0ms (cache hit)
2056 http cache ansi-escapes@https://registry.npmjs.org/ansi-escapes/-/ansi-escapes-4.3.2.tgz 0ms (cache hit)
2057 http cache @types/node@https://registry.npmjs.org/@types/node/-/node-25.7.0.tgz 0ms (cache hit)
2058 http cache jest-util@https://registry.npmjs.org/jest-util/-/jest-util-30.4.1.tgz 0ms (cache hit)
2059 http cache @jest/transform@https://registry.npmjs.org/@jest/transform/-/transform-30.4.1.tgz 0ms (cache hit)
2060 http cache @jest/test-result@https://registry.npmjs.org/@jest/test-result/-/test-result-30.4.1.tgz 0ms (cache hit)
2061 http cache @jest/reporters@https://registry.npmjs.org/@jest/reporters/-/reporters-30.4.1.tgz 0ms (cache hit)
2062 http cache chalk@https://registry.npmjs.org/chalk/-/chalk-4.1.2.tgz 0ms (cache hit)
2063 http cache @jest/console@https://registry.npmjs.org/@jest/console/-/console-30.4.1.tgz 0ms (cache hit)
2064 http cache jest-cli@https://registry.npmjs.org/jest-cli/-/jest-cli-30.4.2.tgz 0ms (cache hit)
2065 http cache import-local@https://registry.npmjs.org/import-local/-/import-local-3.2.0.tgz 0ms (cache hit)
2066 http cache @types/istanbul-lib-coverage@https://registry.npmjs.org/@types/istanbul-lib-coverage/-/istanbul-lib-coverage-2.0.6.tgz 0ms (cache hit)
2067 http cache exit-x@https://registry.npmjs.org/exit-x/-/exit-x-0.2.2.tgz 0ms (cache hit)
2068 http cache jest@https://registry.npmjs.org/jest/-/jest-30.4.2.tgz 0ms (cache hit)
2069 http cache ansi-regex@https://registry.npmjs.org/ansi-regex/-/ansi-regex-5.0.1.tgz 0ms (cache hit)
2070 http cache strip-ansi@https://registry.npmjs.org/strip-ansi/-/strip-ansi-6.0.1.tgz 0ms (cache hit)
2071 http cache @jest/pattern@https://registry.npmjs.org/@jest/pattern/-/pattern-30.4.0.tgz 0ms (cache hit)
2072 http cache supertest@https://registry.npmjs.org/supertest/-/supertest-7.2.2.tgz 0ms (cache hit)
2073 http cache string-width@https://registry.npmjs.org/string-width/-/string-width-4.2.3.tgz 0ms (cache hit)
2074 http cache mime-db@https://registry.npmjs.org/mime-db/-/mime-db-1.52.0.tgz 0ms (cache hit)
2075 http cache wrap-ansi@https://registry.npmjs.org/wrap-ansi/-/wrap-ansi-7.0.0.tgz 0ms (cache hit)
2076 http cache mime-types@https://registry.npmjs.org/mime-types/-/mime-types-2.1.35.tgz 0ms (cache hit)
2077 http cache emoji-regex@https://registry.npmjs.org/emoji-regex/-/emoji-regex-8.0.0.tgz 0ms (cache hit)
2078 http cache picomatch@https://registry.npmjs.org/picomatch/-/picomatch-2.3.2.tgz 0ms (cache hit)
2079 http cache ansi-regex@https://registry.npmjs.org/ansi-regex/-/ansi-regex-5.0.1.tgz 0ms (cache hit)
2080 http cache p-limit@https://registry.npmjs.org/p-limit/-/p-limit-2.3.0.tgz 0ms (cache hit)
2081 http cache strip-ansi@https://registry.npmjs.org/strip-ansi/-/strip-ansi-6.0.1.tgz 0ms (cache hit)
2082 http cache @jest/types@https://registry.npmjs.org/@jest/types/-/types-30.4.1.tgz 0ms (cache hit)
2083 http cache string-width@https://registry.npmjs.org/string-width/-/string-width-4.2.3.tgz 0ms (cache hit)
2084 http cache emoji-regex@https://registry.npmjs.org/emoji-regex/-/emoji-regex-8.0.0.tgz 0ms (cache hit)
2085 http cache ansi-regex@https://registry.npmjs.org/ansi-regex/-/ansi-regex-5.0.1.tgz 0ms (cache hit)
2086 http cache signal-exit@https://registry.npmjs.org/signal-exit/-/signal-exit-3.0.7.tgz 0ms (cache hit)
2087 http cache strip-ansi@https://registry.npmjs.org/strip-ansi/-/strip-ansi-6.0.1.tgz 0ms (cache hit)
2088 http cache emoji-regex@https://registry.npmjs.org/emoji-regex/-/emoji-regex-8.0.0.tgz 0ms (cache hit)
2089 http cache string-width@https://registry.npmjs.org/string-width/-/string-width-4.2.3.tgz 0ms (cache hit)
2090 http cache ansi-styles@https://registry.npmjs.org/ansi-styles/-/ansi-styles-6.2.3.tgz 0ms (cache hit)
2091 http cache ansi-regex@https://registry.npmjs.org/ansi-regex/-/ansi-regex-5.0.1.tgz 0ms (cache hit)
2092 http cache ansi-regex@https://registry.npmjs.org/ansi-regex/-/ansi-regex-5.0.1.tgz 0ms (cache hit)
2093 http cache strip-ansi@https://registry.npmjs.org/strip-ansi/-/strip-ansi-6.0.1.tgz 0ms (cache hit)
2094 http cache emoji-regex@https://registry.npmjs.org/emoji-regex/-/emoji-regex-8.0.0.tgz 0ms (cache hit)
2095 http cache lru-cache@https://registry.npmjs.org/lru-cache/-/lru-cache-10.4.3.tgz 0ms (cache hit)
2096 http cache brace-expansion@https://registry.npmjs.org/brace-expansion/-/brace-expansion-1.1.14.tgz 0ms (cache hit)
2097 http cache glob@https://registry.npmjs.org/glob/-/glob-7.2.3.tgz 0ms (cache hit)
2098 http cache minimatch@https://registry.npmjs.org/minimatch/-/minimatch-3.1.5.tgz 0ms (cache hit)
2099 http cache semver@https://registry.npmjs.org/semver/-/semver-6.3.1.tgz 0ms (cache hit)
2100 http cache semver@https://registry.npmjs.org/semver/-/semver-6.3.1.tgz 0ms (cache hit)
2101 http cache supports-color@https://registry.npmjs.org/supports-color/-/supports-color-8.1.1.tgz 0ms (cache hit)
2102 http cache @jest/core@https://registry.npmjs.org/@jest/core/-/core-30.4.2.tgz 0ms (cache hit)
2103 http cache ansi-regex@https://registry.npmjs.org/ansi-regex/-/ansi-regex-5.0.1.tgz 0ms (cache hit)
2104 silly tarball no local data for path-is-absolute@https://registry.npmjs.org/path-is-absolute/-/path-is-absolute-1.0.1.tgz. Extracting by manifest.
2105 silly tarball no local data for concat-map@https://registry.npmjs.org/concat-map/-/concat-map-0.0.1.tgz. Extracting by manifest.
2106 http cache strip-ansi@https://registry.npmjs.org/strip-ansi/-/strip-ansi-6.0.1.tgz 0ms (cache hit)
2107 silly tarball no local data for fs.realpath@https://registry.npmjs.org/fs.realpath/-/fs.realpath-1.0.0.tgz. Extracting by manifest.
2108 silly tarball no local data for yargs-parser@https://registry.npmjs.org/yargs-parser/-/yargs-parser-21.1.1.tgz. Extracting by manifest.
2109 silly tarball no local data for p-try@https://registry.npmjs.org/p-try/-/p-try-2.2.0.tgz. Extracting by manifest.
2110 silly tarball no local data for cliui@https://registry.npmjs.org/cliui/-/cliui-8.0.1.tgz. Extracting by manifest.
2111 silly tarball no local data for y18n@https://registry.npmjs.org/y18n/-/y18n-5.0.8.tgz. Extracting by manifest.
2112 silly tarball no local data for require-directory@https://registry.npmjs.org/require-directory/-/require-directory-2.1.1.tgz. Extracting by manifest.
2113 silly tarball no local data for get-caller-file@https://registry.npmjs.org/get-caller-file/-/get-caller-file-2.0.5.tgz. Extracting by manifest.
2114 silly tarball no local data for imurmurhash@https://registry.npmjs.org/imurmurhash/-/imurmurhash-0.1.4.tgz. Extracting by manifest.
2115 silly tarball no local data for isexe@https://registry.npmjs.org/isexe/-/isexe-2.0.0.tgz. Extracting by manifest.
2116 silly tarball no local data for tmpl@https://registry.npmjs.org/tmpl/-/tmpl-1.0.5.tgz. Extracting by manifest.
2117 silly tarball no local data for makeerror@https://registry.npmjs.org/makeerror/-/makeerror-1.0.12.tgz. Extracting by manifest.
2118 silly tarball no local data for escalade@https://registry.npmjs.org/escalade/-/escalade-3.2.0.tgz. Extracting by manifest.
2119 silly tarball no local data for tslib@https://registry.npmjs.org/tslib/-/tslib-2.8.1.tgz. Extracting by manifest.
2120 silly tarball no local data for @tybys/wasm-util@https://registry.npmjs.org/@tybys/wasm-util/-/wasm-util-0.10.2.tgz. Extracting by manifest.
2121 silly tarball no local data for @napi-rs/wasm-runtime@https://registry.npmjs.org/@napi-rs/wasm-runtime/-/wasm-runtime-0.2.12.tgz. Extracting by manifest.
2122 silly tarball no local data for @emnapi/runtime@https://registry.npmjs.org/@emnapi/runtime/-/runtime-1.10.0.tgz. Extracting by manifest.
2123 silly tarball no local data for napi-postinstall@https://registry.npmjs.org/napi-postinstall/-/napi-postinstall-0.3.4.tgz. Extracting by manifest.
2124 silly tarball no local data for @emnapi/core@https://registry.npmjs.org/@emnapi/core/-/core-1.10.0.tgz. Extracting by manifest.
2125 http cache ansi-styles@https://registry.npmjs.org/ansi-styles/-/ansi-styles-5.2.0.tgz 0ms (cache hit)
2126 silly tarball no local data for @emnapi/wasi-threads@https://registry.npmjs.org/@emnapi/wasi-threads/-/wasi-threads-1.2.1.tgz. Extracting by manifest.
2127 silly tarball no local data for has-flag@https://registry.npmjs.org/has-flag/-/has-flag-4.0.0.tgz. Extracting by manifest.
2128 silly tarball no local data for @pkgr/core@https://registry.npmjs.org/@pkgr/core/-/core-0.2.9.tgz. Extracting by manifest.
2129 silly tarball no local data for @noble/hashes@https://registry.npmjs.org/@noble/hashes/-/hashes-1.8.0.tgz. Extracting by manifest.
2130 silly tarball no local data for asap@https://registry.npmjs.org/asap/-/asap-2.0.6.tgz. Extracting by manifest.
2131 silly tarball no local data for @paralleldrive/cuid2@https://registry.npmjs.org/@paralleldrive/cuid2/-/cuid2-2.3.1.tgz. Extracting by manifest.
2132 http cache camelcase@https://registry.npmjs.org/camelcase/-/camelcase-6.3.0.tgz 0ms (cache hit)
2133 silly tarball no local data for has-tostringtag@https://registry.npmjs.org/has-tostringtag/-/has-tostringtag-1.0.2.tgz. Extracting by manifest.
2134 silly tarball no local data for delayed-stream@https://registry.npmjs.org/delayed-stream/-/delayed-stream-1.0.0.tgz. Extracting by manifest.
2135 silly tarball no local data for dezalgo@https://registry.npmjs.org/dezalgo/-/dezalgo-1.0.4.tgz. Extracting by manifest.
2136 silly tarball no local data for @unrs/resolver-binding-darwin-arm64@https://registry.npmjs.org/@unrs/resolver-binding-darwin-arm64/-/resolver-binding-darwin-arm64-1.11.1.tgz. Extracting by manifest.
2137 silly tarball no local data for asynckit@https://registry.npmjs.org/asynckit/-/asynckit-0.4.0.tgz. Extracting by manifest.
2138 silly tarball no local data for mime@https://registry.npmjs.org/mime/-/mime-2.6.0.tgz. Extracting by manifest.
2139 silly tarball no local data for combined-stream@https://registry.npmjs.org/combined-stream/-/combined-stream-1.0.8.tgz. Extracting by manifest.
2140 silly tarball no local data for form-data@https://registry.npmjs.org/form-data/-/form-data-4.0.5.tgz. Extracting by manifest.
2141 silly tarball no local data for inflight@https://registry.npmjs.org/inflight/-/inflight-1.0.6.tgz. Extracting by manifest.
2142 silly tarball no local data for formidable@https://registry.npmjs.org/formidable/-/formidable-3.5.4.tgz. Extracting by manifest.
2143 silly tarball no local data for cookiejar@https://registry.npmjs.org/cookiejar/-/cookiejar-2.1.4.tgz. Extracting by manifest.
2144 silly tarball no local data for superagent@https://registry.npmjs.org/superagent/-/superagent-10.3.0.tgz. Extracting by manifest.
2145 silly tarball no local data for component-emitter@https://registry.npmjs.org/component-emitter/-/component-emitter-1.3.1.tgz. Extracting by manifest.
2146 silly tarball no local data for methods@https://registry.npmjs.org/methods/-/methods-1.1.2.tgz. Extracting by manifest.
2147 silly tarball no local data for ansi-regex@https://registry.npmjs.org/ansi-regex/-/ansi-regex-6.2.2.tgz. Extracting by manifest.
2148 silly tarball no local data for is-fullwidth-code-point@https://registry.npmjs.org/is-fullwidth-code-point/-/is-fullwidth-code-point-3.0.0.tgz. Extracting by manifest.
2149 silly tarball no local data for eastasianwidth@https://registry.npmjs.org/eastasianwidth/-/eastasianwidth-0.2.0.tgz. Extracting by manifest.
2150 silly tarball no local data for emoji-regex@https://registry.npmjs.org/emoji-regex/-/emoji-regex-9.2.2.tgz. Extracting by manifest.
2151 silly tarball no local data for escape-string-regexp@https://registry.npmjs.org/escape-string-regexp/-/escape-string-regexp-2.0.0.tgz. Extracting by manifest.
2152 silly tarball no local data for es-set-tostringtag@https://registry.npmjs.org/es-set-tostringtag/-/es-set-tostringtag-2.1.0.tgz. Extracting by manifest.
2153 silly tarball no local data for source-map@https://registry.npmjs.org/source-map/-/source-map-0.6.1.tgz. Extracting by manifest.
2154 silly tarball no local data for char-regex@https://registry.npmjs.org/char-regex/-/char-regex-1.0.2.tgz. Extracting by manifest.
2155 silly tarball no local data for react-is-19@https://registry.npmjs.org/react-is/-/react-is-19.2.6.tgz. Extracting by manifest.
2156 silly tarball no local data for is-arrayish@https://registry.npmjs.org/is-arrayish/-/is-arrayish-0.2.1.tgz. Extracting by manifest.
2157 silly tarball no local data for react-is-18@https://registry.npmjs.org/react-is/-/react-is-18.3.1.tgz. Extracting by manifest.
2158 silly tarball no local data for buffer-from@https://registry.npmjs.org/buffer-from/-/buffer-from-1.1.2.tgz. Extracting by manifest.
2159 silly tarball no local data for lines-and-columns@https://registry.npmjs.org/lines-and-columns/-/lines-and-columns-1.2.4.tgz. Extracting by manifest.
2160 silly tarball no local data for error-ex@https://registry.npmjs.org/error-ex/-/error-ex-1.3.4.tgz. Extracting by manifest.
2161 silly tarball no local data for json-parse-even-better-errors@https://registry.npmjs.org/json-parse-even-better-errors/-/json-parse-even-better-errors-2.3.1.tgz. Extracting by manifest.
2162 silly tarball no local data for yocto-queue@https://registry.npmjs.org/yocto-queue/-/yocto-queue-0.1.0.tgz. Extracting by manifest.
2163 silly tarball no local data for mimic-fn@https://registry.npmjs.org/mimic-fn/-/mimic-fn-2.1.0.tgz. Extracting by manifest.
2164 silly tarball no local data for brace-expansion@https://registry.npmjs.org/brace-expansion/-/brace-expansion-2.1.0.tgz. Extracting by manifest.
2165 silly tarball no local data for balanced-match@https://registry.npmjs.org/balanced-match/-/balanced-match-1.0.2.tgz. Extracting by manifest.
2166 silly tarball no local data for p-locate@https://registry.npmjs.org/p-locate/-/p-locate-4.1.0.tgz. Extracting by manifest.
2167 silly tarball no local data for yallist@https://registry.npmjs.org/yallist/-/yallist-3.1.1.tgz. Extracting by manifest.
2168 silly tarball no local data for esprima@https://registry.npmjs.org/esprima/-/esprima-4.0.1.tgz. Extracting by manifest.
2169 silly tarball no local data for argparse@https://registry.npmjs.org/argparse/-/argparse-1.0.10.tgz. Extracting by manifest.
2170 silly tarball no local data for @ungap/structured-clone@https://registry.npmjs.org/@ungap/structured-clone/-/structured-clone-1.3.1.tgz. Extracting by manifest.
2171 silly tarball no local data for leven@https://registry.npmjs.org/leven/-/leven-3.1.0.tgz. Extracting by manifest.
2172 silly tarball no local data for sprintf-js@https://registry.npmjs.org/sprintf-js/-/sprintf-js-1.0.3.tgz. Extracting by manifest.
2173 silly tarball no local data for synckit@https://registry.npmjs.org/synckit/-/synckit-0.11.12.tgz. Extracting by manifest.
2174 silly tarball no local data for natural-compare@https://registry.npmjs.org/natural-compare/-/natural-compare-1.4.0.tgz. Extracting by manifest.
2175 silly tarball no local data for shebang-regex@https://registry.npmjs.org/shebang-regex/-/shebang-regex-3.0.0.tgz. Extracting by manifest.
2176 silly tarball no local data for @babel/plugin-syntax-typescript@https://registry.npmjs.org/@babel/plugin-syntax-typescript/-/plugin-syntax-typescript-7.28.6.tgz. Extracting by manifest.
2177 silly tarball no local data for @babel/plugin-syntax-jsx@https://registry.npmjs.org/@babel/plugin-syntax-jsx/-/plugin-syntax-jsx-7.28.6.tgz. Extracting by manifest.
2178 silly tarball no local data for callsites@https://registry.npmjs.org/callsites/-/callsites-3.1.0.tgz. Extracting by manifest.
2179 silly tarball no local data for @jest/source-map@https://registry.npmjs.org/@jest/source-map/-/source-map-30.0.1.tgz. Extracting by manifest.
2180 silly tarball no local data for @jest/globals@https://registry.npmjs.org/@jest/globals/-/globals-30.4.1.tgz. Extracting by manifest.
2181 silly tarball no local data for @jest/snapshot-utils@https://registry.npmjs.org/@jest/snapshot-utils/-/snapshot-utils-30.4.1.tgz. Extracting by manifest.
2182 silly tarball no local data for fast-safe-stringify@https://registry.npmjs.org/fast-safe-stringify/-/fast-safe-stringify-2.1.1.tgz. Extracting by manifest.
2183 silly tarball no local data for source-map-support@https://registry.npmjs.org/source-map-support/-/source-map-support-0.5.13.tgz. Extracting by manifest.
2184 silly tarball no local data for jest-leak-detector@https://registry.npmjs.org/jest-leak-detector/-/jest-leak-detector-30.4.1.tgz. Extracting by manifest.
2185 silly tarball no local data for unrs-resolver@https://registry.npmjs.org/unrs-resolver/-/unrs-resolver-1.11.1.tgz. Extracting by manifest.
2186 silly tarball no local data for emittery@https://registry.npmjs.org/emittery/-/emittery-0.13.1.tgz. Extracting by manifest.
2187 silly tarball no local data for @types/stack-utils@https://registry.npmjs.org/@types/stack-utils/-/stack-utils-2.0.3.tgz. Extracting by manifest.
2188 silly tarball no local data for jest-diff@https://registry.npmjs.org/jest-diff/-/jest-diff-30.4.1.tgz. Extracting by manifest.
2189 silly tarball no local data for @jest/diff-sequences@https://registry.npmjs.org/@jest/diff-sequences/-/diff-sequences-30.4.0.tgz. Extracting by manifest.
2190 silly tarball no local data for jest-pnp-resolver@https://registry.npmjs.org/jest-pnp-resolver/-/jest-pnp-resolver-1.2.3.tgz. Extracting by manifest.
2191 silly tarball no local data for node-int64@https://registry.npmjs.org/node-int64/-/node-int64-0.4.0.tgz. Extracting by manifest.
2192 silly tarball no local data for walker@https://registry.npmjs.org/walker/-/walker-1.0.8.tgz. Extracting by manifest.
2193 silly tarball no local data for cjs-module-lexer@https://registry.npmjs.org/cjs-module-lexer/-/cjs-module-lexer-2.2.0.tgz. Extracting by manifest.
2194 silly tarball no local data for picomatch@https://registry.npmjs.org/picomatch/-/picomatch-4.0.4.tgz. Extracting by manifest.
2195 silly tarball no local data for strip-bom@https://registry.npmjs.org/strip-bom/-/strip-bom-4.0.0.tgz. Extracting by manifest.
2196 silly tarball no local data for bser@https://registry.npmjs.org/bser/-/bser-2.1.1.tgz. Extracting by manifest.
2197 silly tarball no local data for normalize-path@https://registry.npmjs.org/normalize-path/-/normalize-path-3.0.0.tgz. Extracting by manifest.
2198 silly tarball no local data for fsevents@https://registry.npmjs.org/fsevents/-/fsevents-2.3.3.tgz. Extracting by manifest.
2199 silly tarball no local data for anymatch@https://registry.npmjs.org/anymatch/-/anymatch-3.1.3.tgz. Extracting by manifest.
2200 silly tarball no local data for detect-newline@https://registry.npmjs.org/detect-newline/-/detect-newline-3.1.0.tgz. Extracting by manifest.
2201 silly tarball no local data for type-detect@https://registry.npmjs.org/type-detect/-/type-detect-4.0.8.tgz. Extracting by manifest.
2202 silly tarball no local data for @jest/expect-utils@https://registry.npmjs.org/@jest/expect-utils/-/expect-utils-30.4.1.tgz. Extracting by manifest.
2203 silly tarball no local data for @sinonjs/commons@https://registry.npmjs.org/@sinonjs/commons/-/commons-3.0.1.tgz. Extracting by manifest.
2204 silly tarball no local data for @sinonjs/fake-timers@https://registry.npmjs.org/@sinonjs/fake-timers/-/fake-timers-15.4.0.tgz. Extracting by manifest.
2205 silly tarball no local data for jest-mock@https://registry.npmjs.org/jest-mock/-/jest-mock-30.4.1.tgz. Extracting by manifest.
2206 silly tarball no local data for @jest/fake-timers@https://registry.npmjs.org/@jest/fake-timers/-/fake-timers-30.4.1.tgz. Extracting by manifest.
2207 silly tarball no local data for stack-utils@https://registry.npmjs.org/stack-utils/-/stack-utils-2.0.6.tgz. Extracting by manifest.
2208 silly tarball no local data for pure-rand@https://registry.npmjs.org/pure-rand/-/pure-rand-7.0.1.tgz. Extracting by manifest.
2209 silly tarball no local data for jest-matcher-utils@https://registry.npmjs.org/jest-matcher-utils/-/jest-matcher-utils-30.4.1.tgz. Extracting by manifest.
2210 silly tarball no local data for fb-watchman@https://registry.npmjs.org/fb-watchman/-/fb-watchman-2.0.2.tgz. Extracting by manifest.
2211 silly tarball no local data for is-generator-fn@https://registry.npmjs.org/is-generator-fn/-/is-generator-fn-2.1.0.tgz. Extracting by manifest.
2212 silly tarball no local data for dedent@https://registry.npmjs.org/dedent/-/dedent-1.7.2.tgz. Extracting by manifest.
2213 silly tarball no local data for expect@https://registry.npmjs.org/expect/-/expect-30.4.1.tgz. Extracting by manifest.
2214 silly tarball no local data for @jest/expect@https://registry.npmjs.org/@jest/expect/-/expect-30.4.1.tgz. Extracting by manifest.
2215 silly tarball no local data for @jest/environment@https://registry.npmjs.org/@jest/environment/-/environment-30.4.1.tgz. Extracting by manifest.
2216 silly tarball no local data for @babel/plugin-syntax-private-property-in-object@https://registry.npmjs.org/@babel/plugin-syntax-private-property-in-object/-/plugin-syntax-private-property-in-object-7.14.5.tgz. Extracting by manifest.
2217 silly tarball no local data for @babel/plugin-syntax-top-level-await@https://registry.npmjs.org/@babel/plugin-syntax-top-level-await/-/plugin-syntax-top-level-await-7.14.5.tgz. Extracting by manifest.
2218 silly tarball no local data for @babel/plugin-syntax-optional-chaining@https://registry.npmjs.org/@babel/plugin-syntax-optional-chaining/-/plugin-syntax-optional-chaining-7.8.3.tgz. Extracting by manifest.
2219 silly tarball no local data for @babel/plugin-syntax-optional-catch-binding@https://registry.npmjs.org/@babel/plugin-syntax-optional-catch-binding/-/plugin-syntax-optional-catch-binding-7.8.3.tgz. Extracting by manifest.
2220 silly tarball no local data for jest-each@https://registry.npmjs.org/jest-each/-/jest-each-30.4.1.tgz. Extracting by manifest.
2221 silly tarball no local data for @babel/plugin-syntax-numeric-separator@https://registry.npmjs.org/@babel/plugin-syntax-numeric-separator/-/plugin-syntax-numeric-separator-7.10.4.tgz. Extracting by manifest.
2222 silly tarball no local data for @babel/plugin-syntax-nullish-coalescing-operator@https://registry.npmjs.org/@babel/plugin-syntax-nullish-coalescing-operator/-/plugin-syntax-nullish-coalescing-operator-7.8.3.tgz. Extracting by manifest.
2223 silly tarball no local data for @babel/plugin-syntax-logical-assignment-operators@https://registry.npmjs.org/@babel/plugin-syntax-logical-assignment-operators/-/plugin-syntax-logical-assignment-operators-7.10.4.tgz. Extracting by manifest.
2224 silly tarball no local data for co@https://registry.npmjs.org/co/-/co-4.6.0.tgz. Extracting by manifest.
2225 silly tarball no local data for @babel/plugin-syntax-json-strings@https://registry.npmjs.org/@babel/plugin-syntax-json-strings/-/plugin-syntax-json-strings-7.8.3.tgz. Extracting by manifest.
2226 silly tarball no local data for @babel/plugin-syntax-import-meta@https://registry.npmjs.org/@babel/plugin-syntax-import-meta/-/plugin-syntax-import-meta-7.10.4.tgz. Extracting by manifest.
2227 silly tarball no local data for @babel/plugin-syntax-class-static-block@https://registry.npmjs.org/@babel/plugin-syntax-class-static-block/-/plugin-syntax-class-static-block-7.14.5.tgz. Extracting by manifest.
2228 silly tarball no local data for @babel/plugin-syntax-import-attributes@https://registry.npmjs.org/@babel/plugin-syntax-import-attributes/-/plugin-syntax-import-attributes-7.28.6.tgz. Extracting by manifest.
2229 silly tarball no local data for @babel/plugin-syntax-bigint@https://registry.npmjs.org/@babel/plugin-syntax-bigint/-/plugin-syntax-bigint-7.8.3.tgz. Extracting by manifest.
2230 silly tarball no local data for @babel/plugin-syntax-async-generators@https://registry.npmjs.org/@babel/plugin-syntax-async-generators/-/plugin-syntax-async-generators-7.8.4.tgz. Extracting by manifest.
2231 silly tarball no local data for @babel/plugin-syntax-object-rest-spread@https://registry.npmjs.org/@babel/plugin-syntax-object-rest-spread/-/plugin-syntax-object-rest-spread-7.8.3.tgz. Extracting by manifest.
2232 silly tarball no local data for babel-preset-current-node-syntax@https://registry.npmjs.org/babel-preset-current-node-syntax/-/babel-preset-current-node-syntax-1.2.0.tgz. Extracting by manifest.
2233 silly tarball no local data for babel-plugin-jest-hoist@https://registry.npmjs.org/babel-plugin-jest-hoist/-/babel-plugin-jest-hoist-30.4.0.tgz. Extracting by manifest.
2234 silly tarball no local data for @types/babel__traverse@https://registry.npmjs.org/@types/babel__traverse/-/babel__traverse-7.28.0.tgz. Extracting by manifest.
2235 silly tarball no local data for @types/babel__template@https://registry.npmjs.org/@types/babel__template/-/babel__template-7.4.4.tgz. Extracting by manifest.
2236 silly tarball no local data for @types/babel__generator@https://registry.npmjs.org/@types/babel__generator/-/babel__generator-7.27.0.tgz. Extracting by manifest.
2237 silly tarball no local data for strip-json-comments@https://registry.npmjs.org/strip-json-comments/-/strip-json-comments-3.1.1.tgz. Extracting by manifest.
2238 silly tarball no local data for parse-json@https://registry.npmjs.org/parse-json/-/parse-json-5.2.0.tgz. Extracting by manifest.
2239 silly tarball no local data for jest-environment-node@https://registry.npmjs.org/jest-environment-node/-/jest-environment-node-30.4.1.tgz. Extracting by manifest.
2240 silly tarball no local data for @types/babel__core@https://registry.npmjs.org/@types/babel__core/-/babel__core-7.20.5.tgz. Extracting by manifest.
2241 silly tarball no local data for jest-circus@https://registry.npmjs.org/jest-circus/-/jest-circus-30.4.2.tgz. Extracting by manifest.
2242 silly tarball no local data for deepmerge@https://registry.npmjs.org/deepmerge/-/deepmerge-4.3.1.tgz. Extracting by manifest.
2243 silly tarball no local data for babel-preset-jest@https://registry.npmjs.org/babel-preset-jest/-/babel-preset-jest-30.4.0.tgz. Extracting by manifest.
2244 silly tarball no local data for @jest/test-sequencer@https://registry.npmjs.org/@jest/test-sequencer/-/test-sequencer-30.4.1.tgz. Extracting by manifest.
2245 silly tarball no local data for babel-jest@https://registry.npmjs.org/babel-jest/-/babel-jest-30.4.1.tgz. Extracting by manifest.
2246 silly tarball no local data for @jest/get-type@https://registry.npmjs.org/@jest/get-type/-/get-type-30.1.0.tgz. Extracting by manifest.
2247 silly tarball no local data for npm-run-path@https://registry.npmjs.org/npm-run-path/-/npm-run-path-4.0.1.tgz. Extracting by manifest.
2248 silly tarball no local data for onetime@https://registry.npmjs.org/onetime/-/onetime-5.1.2.tgz. Extracting by manifest.
2249 silly tarball no local data for strip-final-newline@https://registry.npmjs.org/strip-final-newline/-/strip-final-newline-2.0.0.tgz. Extracting by manifest.
2250 silly tarball no local data for is-stream@https://registry.npmjs.org/is-stream/-/is-stream-2.0.1.tgz. Extracting by manifest.
2251 silly tarball no local data for human-signals@https://registry.npmjs.org/human-signals/-/human-signals-2.1.0.tgz. Extracting by manifest.
2252 silly tarball no local data for merge-stream@https://registry.npmjs.org/merge-stream/-/merge-stream-2.0.0.tgz. Extracting by manifest.
2253 silly tarball no local data for get-stream@https://registry.npmjs.org/get-stream/-/get-stream-6.0.1.tgz. Extracting by manifest.
2254 silly tarball no local data for execa@https://registry.npmjs.org/execa/-/execa-5.1.1.tgz. Extracting by manifest.
2255 silly tarball no local data for wrap-ansi-cjs@https://registry.npmjs.org/wrap-ansi/-/wrap-ansi-7.0.0.tgz. Extracting by manifest.
2256 silly tarball no local data for wrap-ansi@https://registry.npmjs.org/wrap-ansi/-/wrap-ansi-8.1.0.tgz. Extracting by manifest.
2257 silly tarball no local data for yargs@https://registry.npmjs.org/yargs/-/yargs-17.7.2.tgz. Extracting by manifest.
2258 silly tarball no local data for strip-ansi-cjs@https://registry.npmjs.org/strip-ansi/-/strip-ansi-6.0.1.tgz. Extracting by manifest.
2259 silly tarball no local data for p-limit@https://registry.npmjs.org/p-limit/-/p-limit-3.1.0.tgz. Extracting by manifest.
2260 silly tarball no local data for string-width-cjs@https://registry.npmjs.org/string-width/-/string-width-4.2.3.tgz. Extracting by manifest.
2261 silly tarball no local data for strip-ansi@https://registry.npmjs.org/strip-ansi/-/strip-ansi-7.2.0.tgz. Extracting by manifest.
2262 silly tarball no local data for @pkgjs/parseargs@https://registry.npmjs.org/@pkgjs/parseargs/-/parseargs-0.11.0.tgz. Extracting by manifest.
2263 silly tarball no local data for jest-docblock@https://registry.npmjs.org/jest-docblock/-/jest-docblock-30.4.0.tgz. Extracting by manifest.
2264 silly tarball no local data for html-escaper@https://registry.npmjs.org/html-escaper/-/html-escaper-2.0.2.tgz. Extracting by manifest.
2265 silly tarball no local data for @isaacs/cliui@https://registry.npmjs.org/@isaacs/cliui/-/cliui-8.0.2.tgz. Extracting by manifest.
2266 silly tarball no local data for pkg-dir@https://registry.npmjs.org/pkg-dir/-/pkg-dir-4.2.0.tgz. Extracting by manifest.
2267 silly tarball no local data for string-width@https://registry.npmjs.org/string-width/-/string-width-5.1.2.tgz. Extracting by manifest.
2268 silly tarball no local data for resolve-cwd@https://registry.npmjs.org/resolve-cwd/-/resolve-cwd-3.0.0.tgz. Extracting by manifest.
2269 silly tarball no local data for shebang-command@https://registry.npmjs.org/shebang-command/-/shebang-command-2.0.0.tgz. Extracting by manifest.
2270 silly tarball no local data for path-key@https://registry.npmjs.org/path-key/-/path-key-3.1.1.tgz. Extracting by manifest.
2271 silly tarball no local data for signal-exit@https://registry.npmjs.org/signal-exit/-/signal-exit-4.1.0.tgz. Extracting by manifest.
2272 silly tarball no local data for path-scurry@https://registry.npmjs.org/path-scurry/-/path-scurry-1.11.1.tgz. Extracting by manifest.
2273 silly tarball no local data for package-json-from-dist@https://registry.npmjs.org/package-json-from-dist/-/package-json-from-dist-1.0.1.tgz. Extracting by manifest.
2274 silly tarball no local data for cross-spawn@https://registry.npmjs.org/cross-spawn/-/cross-spawn-7.0.6.tgz. Extracting by manifest.
2275 silly tarball no local data for which@https://registry.npmjs.org/which/-/which-2.0.2.tgz. Extracting by manifest.
2276 silly tarball no local data for minipass@https://registry.npmjs.org/minipass/-/minipass-7.1.3.tgz. Extracting by manifest.
2277 silly tarball no local data for minimatch@https://registry.npmjs.org/minimatch/-/minimatch-9.0.9.tgz. Extracting by manifest.
2278 silly tarball no local data for foreground-child@https://registry.npmjs.org/foreground-child/-/foreground-child-3.3.1.tgz. Extracting by manifest.
2279 silly tarball no local data for jackspeak@https://registry.npmjs.org/jackspeak/-/jackspeak-3.4.3.tgz. Extracting by manifest.
2280 silly tarball no local data for path-exists@https://registry.npmjs.org/path-exists/-/path-exists-4.0.0.tgz. Extracting by manifest.
2281 silly tarball no local data for locate-path@https://registry.npmjs.org/locate-path/-/locate-path-5.0.0.tgz. Extracting by manifest.
2282 silly tarball no local data for color-convert@https://registry.npmjs.org/color-convert/-/color-convert-2.0.1.tgz. Extracting by manifest.
2283 silly tarball no local data for color-name@https://registry.npmjs.org/color-name/-/color-name-1.1.4.tgz. Extracting by manifest.
2284 silly tarball no local data for supports-color@https://registry.npmjs.org/supports-color/-/supports-color-7.2.0.tgz. Extracting by manifest.
2285 silly tarball no local data for ansi-styles@https://registry.npmjs.org/ansi-styles/-/ansi-styles-4.3.0.tgz. Extracting by manifest.
2286 silly tarball no local data for node-releases@https://registry.npmjs.org/node-releases/-/node-releases-2.0.44.tgz. Extracting by manifest.
2287 silly tarball no local data for update-browserslist-db@https://registry.npmjs.org/update-browserslist-db/-/update-browserslist-db-1.2.3.tgz. Extracting by manifest.
2288 silly tarball no local data for make-dir@https://registry.npmjs.org/make-dir/-/make-dir-4.0.0.tgz. Extracting by manifest.
2289 silly tarball no local data for electron-to-chromium@https://registry.npmjs.org/electron-to-chromium/-/electron-to-chromium-1.5.353.tgz. Extracting by manifest.
2290 silly tarball no local data for caniuse-lite@https://registry.npmjs.org/caniuse-lite/-/caniuse-lite-1.0.30001792.tgz. Extracting by manifest.
2291 silly tarball no local data for js-yaml@https://registry.npmjs.org/js-yaml/-/js-yaml-3.14.2.tgz. Extracting by manifest.
2292 silly tarball no local data for resolve-from@https://registry.npmjs.org/resolve-from/-/resolve-from-5.0.0.tgz. Extracting by manifest.
2293 silly tarball no local data for get-package-type@https://registry.npmjs.org/get-package-type/-/get-package-type-0.1.0.tgz. Extracting by manifest.
2294 silly tarball no local data for find-up@https://registry.npmjs.org/find-up/-/find-up-4.1.0.tgz. Extracting by manifest.
2295 silly tarball no local data for baseline-browser-mapping@https://registry.npmjs.org/baseline-browser-mapping/-/baseline-browser-mapping-2.10.29.tgz. Extracting by manifest.
2296 silly tarball no local data for camelcase@https://registry.npmjs.org/camelcase/-/camelcase-5.3.1.tgz. Extracting by manifest.
2297 silly tarball no local data for test-exclude@https://registry.npmjs.org/test-exclude/-/test-exclude-6.0.0.tgz. Extracting by manifest.
2298 silly tarball no local data for @istanbuljs/schema@https://registry.npmjs.org/@istanbuljs/schema/-/schema-0.1.6.tgz. Extracting by manifest.
2299 silly tarball no local data for @babel/helper-plugin-utils@https://registry.npmjs.org/@babel/helper-plugin-utils/-/helper-plugin-utils-7.28.6.tgz. Extracting by manifest.
2300 silly tarball no local data for @types/yargs-parser@https://registry.npmjs.org/@types/yargs-parser/-/yargs-parser-21.0.3.tgz. Extracting by manifest.
2301 silly tarball no local data for @istanbuljs/load-nyc-config@https://registry.npmjs.org/@istanbuljs/load-nyc-config/-/load-nyc-config-1.1.0.tgz. Extracting by manifest.
2302 silly tarball no local data for @types/istanbul-lib-report@https://registry.npmjs.org/@types/istanbul-lib-report/-/istanbul-lib-report-3.0.3.tgz. Extracting by manifest.
2303 silly tarball no local data for @jridgewell/resolve-uri@https://registry.npmjs.org/@jridgewell/resolve-uri/-/resolve-uri-3.1.2.tgz. Extracting by manifest.
2304 silly tarball no local data for @jridgewell/sourcemap-codec@https://registry.npmjs.org/@jridgewell/sourcemap-codec/-/sourcemap-codec-1.5.5.tgz. Extracting by manifest.
2305 silly tarball no local data for @types/yargs@https://registry.npmjs.org/@types/yargs/-/yargs-17.0.35.tgz. Extracting by manifest.
2306 silly tarball no local data for @sinclair/typebox@https://registry.npmjs.org/@sinclair/typebox/-/typebox-0.34.49.tgz. Extracting by manifest.
2307 silly tarball no local data for @babel/plugin-syntax-class-properties@https://registry.npmjs.org/@babel/plugin-syntax-class-properties/-/plugin-syntax-class-properties-7.12.13.tgz. Extracting by manifest.
2308 silly tarball no local data for undici-types@https://registry.npmjs.org/undici-types/-/undici-types-7.21.0.tgz. Extracting by manifest.
2309 silly tarball no local data for @types/istanbul-reports@https://registry.npmjs.org/@types/istanbul-reports/-/istanbul-reports-3.0.4.tgz. Extracting by manifest.
2310 silly tarball no local data for @babel/helper-globals@https://registry.npmjs.org/@babel/helper-globals/-/helper-globals-7.28.0.tgz. Extracting by manifest.
2311 silly tarball no local data for @babel/helper-module-imports@https://registry.npmjs.org/@babel/helper-module-imports/-/helper-module-imports-7.28.6.tgz. Extracting by manifest.
2312 silly tarball no local data for lru-cache@https://registry.npmjs.org/lru-cache/-/lru-cache-5.1.1.tgz. Extracting by manifest.
2313 silly tarball no local data for @babel/helper-validator-option@https://registry.npmjs.org/@babel/helper-validator-option/-/helper-validator-option-7.27.1.tgz. Extracting by manifest.
2314 silly tarball no local data for @jest/schemas@https://registry.npmjs.org/@jest/schemas/-/schemas-30.4.1.tgz. Extracting by manifest.
2315 silly tarball no local data for @babel/compat-data@https://registry.npmjs.org/@babel/compat-data/-/compat-data-7.29.3.tgz. Extracting by manifest.
2316 silly tarball no local data for @jridgewell/gen-mapping@https://registry.npmjs.org/@jridgewell/gen-mapping/-/gen-mapping-0.3.13.tgz. Extracting by manifest.
2317 silly tarball no local data for picocolors@https://registry.npmjs.org/picocolors/-/picocolors-1.1.1.tgz. Extracting by manifest.
2318 silly tarball no local data for @babel/helper-string-parser@https://registry.npmjs.org/@babel/helper-string-parser/-/helper-string-parser-7.27.1.tgz. Extracting by manifest.
2319 silly tarball no local data for js-tokens@https://registry.npmjs.org/js-tokens/-/js-tokens-4.0.0.tgz. Extracting by manifest.
2320 silly tarball no local data for @babel/helper-validator-identifier@https://registry.npmjs.org/@babel/helper-validator-identifier/-/helper-validator-identifier-7.28.5.tgz. Extracting by manifest.
2321 silly tarball no local data for jsesc@https://registry.npmjs.org/jsesc/-/jsesc-3.1.0.tgz. Extracting by manifest.
2322 silly tarball no local data for @jridgewell/remapping@https://registry.npmjs.org/@jridgewell/remapping/-/remapping-2.3.5.tgz. Extracting by manifest.
2323 silly tarball no local data for json5@https://registry.npmjs.org/json5/-/json5-2.2.3.tgz. Extracting by manifest.
2324 silly tarball no local data for gensync@https://registry.npmjs.org/gensync/-/gensync-1.0.0-beta.2.tgz. Extracting by manifest.
2325 silly tarball no local data for browserslist@https://registry.npmjs.org/browserslist/-/browserslist-4.28.2.tgz. Extracting by manifest.
2326 silly tarball no local data for @babel/template@https://registry.npmjs.org/@babel/template/-/template-7.28.6.tgz. Extracting by manifest.
2327 silly tarball no local data for @babel/helpers@https://registry.npmjs.org/@babel/helpers/-/helpers-7.29.2.tgz. Extracting by manifest.
2328 silly tarball no local data for @babel/parser@https://registry.npmjs.org/@babel/parser/-/parser-7.29.3.tgz. Extracting by manifest.
2329 silly tarball no local data for @babel/helper-compilation-targets@https://registry.npmjs.org/@babel/helper-compilation-targets/-/helper-compilation-targets-7.28.6.tgz. Extracting by manifest.
2330 silly tarball no local data for @babel/generator@https://registry.npmjs.org/@babel/generator/-/generator-7.29.1.tgz. Extracting by manifest.
2331 silly tarball no local data for @babel/code-frame@https://registry.npmjs.org/@babel/code-frame/-/code-frame-7.29.0.tgz. Extracting by manifest.
2332 silly tarball no local data for @babel/types@https://registry.npmjs.org/@babel/types/-/types-7.29.0.tgz. Extracting by manifest.
2333 silly tarball no local data for write-file-atomic@https://registry.npmjs.org/write-file-atomic/-/write-file-atomic-5.0.1.tgz. Extracting by manifest.
2334 silly tarball no local data for @babel/helper-module-transforms@https://registry.npmjs.org/@babel/helper-module-transforms/-/helper-module-transforms-7.28.6.tgz. Extracting by manifest.
2335 silly tarball no local data for convert-source-map@https://registry.npmjs.org/convert-source-map/-/convert-source-map-2.0.0.tgz. Extracting by manifest.
2336 silly tarball no local data for @babel/core@https://registry.npmjs.org/@babel/core/-/core-7.29.0.tgz. Extracting by manifest.
2337 silly tarball no local data for type-fest@https://registry.npmjs.org/type-fest/-/type-fest-0.21.3.tgz. Extracting by manifest.
2338 silly tarball no local data for babel-plugin-istanbul@https://registry.npmjs.org/babel-plugin-istanbul/-/babel-plugin-istanbul-7.0.1.tgz. Extracting by manifest.
2339 silly tarball no local data for v8-to-istanbul@https://registry.npmjs.org/v8-to-istanbul/-/v8-to-istanbul-9.3.0.tgz. Extracting by manifest.
2340 silly tarball no local data for string-length@https://registry.npmjs.org/string-length/-/string-length-4.0.2.tgz. Extracting by manifest.
2341 silly tarball no local data for jest-worker@https://registry.npmjs.org/jest-worker/-/jest-worker-30.4.1.tgz. Extracting by manifest.
2342 silly tarball no local data for pirates@https://registry.npmjs.org/pirates/-/pirates-4.0.7.tgz. Extracting by manifest.
2343 silly tarball no local data for istanbul-reports@https://registry.npmjs.org/istanbul-reports/-/istanbul-reports-3.2.0.tgz. Extracting by manifest.
2344 silly tarball no local data for istanbul-lib-report@https://registry.npmjs.org/istanbul-lib-report/-/istanbul-lib-report-3.0.1.tgz. Extracting by manifest.
2345 silly tarball no local data for istanbul-lib-instrument@https://registry.npmjs.org/istanbul-lib-instrument/-/istanbul-lib-instrument-6.0.3.tgz. Extracting by manifest.
2346 silly tarball no local data for istanbul-lib-coverage@https://registry.npmjs.org/istanbul-lib-coverage/-/istanbul-lib-coverage-3.2.2.tgz. Extracting by manifest.
2347 silly tarball no local data for glob@https://registry.npmjs.org/glob/-/glob-10.5.0.tgz. Extracting by manifest.
2348 silly tarball no local data for collect-v8-coverage@https://registry.npmjs.org/collect-v8-coverage/-/collect-v8-coverage-1.0.3.tgz. Extracting by manifest.
2349 silly tarball no local data for @jridgewell/trace-mapping@https://registry.npmjs.org/@jridgewell/trace-mapping/-/trace-mapping-0.3.31.tgz. Extracting by manifest.
2350 silly tarball no local data for @bcoe/v8-coverage@https://registry.npmjs.org/@bcoe/v8-coverage/-/v8-coverage-0.2.3.tgz. Extracting by manifest.
2351 silly tarball no local data for slash@https://registry.npmjs.org/slash/-/slash-3.0.0.tgz. Extracting by manifest.
2352 silly tarball no local data for istanbul-lib-source-maps@https://registry.npmjs.org/istanbul-lib-source-maps/-/istanbul-lib-source-maps-5.0.6.tgz. Extracting by manifest.
2353 silly tarball no local data for @babel/traverse@https://registry.npmjs.org/@babel/traverse/-/traverse-7.29.0.tgz. Extracting by manifest.
2354 silly tarball no local data for pretty-format@https://registry.npmjs.org/pretty-format/-/pretty-format-30.4.1.tgz. Extracting by manifest.
2355 silly tarball no local data for jest-validate@https://registry.npmjs.org/jest-validate/-/jest-validate-30.4.1.tgz. Extracting by manifest.
2356 silly tarball no local data for jest-snapshot@https://registry.npmjs.org/jest-snapshot/-/jest-snapshot-30.4.1.tgz. Extracting by manifest.
2357 silly tarball no local data for jest-runtime@https://registry.npmjs.org/jest-runtime/-/jest-runtime-30.4.2.tgz. Extracting by manifest.
2358 silly tarball no local data for jest-runner@https://registry.npmjs.org/jest-runner/-/jest-runner-30.4.2.tgz. Extracting by manifest.
2359 silly tarball no local data for jest-watcher@https://registry.npmjs.org/jest-watcher/-/jest-watcher-30.4.1.tgz. Extracting by manifest.
2360 silly tarball no local data for jest-resolve-dependencies@https://registry.npmjs.org/jest-resolve-dependencies/-/jest-resolve-dependencies-30.4.2.tgz. Extracting by manifest.
2361 silly tarball no local data for jest-resolve@https://registry.npmjs.org/jest-resolve/-/jest-resolve-30.4.1.tgz. Extracting by manifest.
2362 silly tarball no local data for jest-regex-util@https://registry.npmjs.org/jest-regex-util/-/jest-regex-util-30.4.0.tgz. Extracting by manifest.
2363 silly tarball no local data for jest-haste-map@https://registry.npmjs.org/jest-haste-map/-/jest-haste-map-30.4.1.tgz. Extracting by manifest.
2364 silly tarball no local data for jest-message-util@https://registry.npmjs.org/jest-message-util/-/jest-message-util-30.4.1.tgz. Extracting by manifest.
2365 silly tarball no local data for jest-config@https://registry.npmjs.org/jest-config/-/jest-config-30.4.2.tgz. Extracting by manifest.
2366 silly tarball no local data for graceful-fs@https://registry.npmjs.org/graceful-fs/-/graceful-fs-4.2.11.tgz. Extracting by manifest.
2367 silly tarball no local data for jest-changed-files@https://registry.npmjs.org/jest-changed-files/-/jest-changed-files-30.4.1.tgz. Extracting by manifest.
2368 silly tarball no local data for fast-json-stable-stringify@https://registry.npmjs.org/fast-json-stable-stringify/-/fast-json-stable-stringify-2.1.0.tgz. Extracting by manifest.
2369 silly tarball no local data for ci-info@https://registry.npmjs.org/ci-info/-/ci-info-4.4.0.tgz. Extracting by manifest.
2370 silly tarball no local data for ansi-escapes@https://registry.npmjs.org/ansi-escapes/-/ansi-escapes-4.3.2.tgz. Extracting by manifest.
2371 silly tarball no local data for @types/node@https://registry.npmjs.org/@types/node/-/node-25.7.0.tgz. Extracting by manifest.
2372 silly tarball no local data for jest-util@https://registry.npmjs.org/jest-util/-/jest-util-30.4.1.tgz. Extracting by manifest.
2373 silly tarball no local data for @jest/transform@https://registry.npmjs.org/@jest/transform/-/transform-30.4.1.tgz. Extracting by manifest.
2374 silly tarball no local data for @jest/test-result@https://registry.npmjs.org/@jest/test-result/-/test-result-30.4.1.tgz. Extracting by manifest.
2375 silly tarball no local data for @jest/reporters@https://registry.npmjs.org/@jest/reporters/-/reporters-30.4.1.tgz. Extracting by manifest.
2376 silly tarball no local data for chalk@https://registry.npmjs.org/chalk/-/chalk-4.1.2.tgz. Extracting by manifest.
2377 silly tarball no local data for @jest/console@https://registry.npmjs.org/@jest/console/-/console-30.4.1.tgz. Extracting by manifest.
2378 silly tarball no local data for jest-cli@https://registry.npmjs.org/jest-cli/-/jest-cli-30.4.2.tgz. Extracting by manifest.
2379 silly tarball no local data for import-local@https://registry.npmjs.org/import-local/-/import-local-3.2.0.tgz. Extracting by manifest.
2380 silly tarball no local data for @types/istanbul-lib-coverage@https://registry.npmjs.org/@types/istanbul-lib-coverage/-/istanbul-lib-coverage-2.0.6.tgz. Extracting by manifest.
2381 silly tarball no local data for exit-x@https://registry.npmjs.org/exit-x/-/exit-x-0.2.2.tgz. Extracting by manifest.
2382 silly tarball no local data for jest@https://registry.npmjs.org/jest/-/jest-30.4.2.tgz. Extracting by manifest.
2383 silly tarball no local data for ansi-regex@https://registry.npmjs.org/ansi-regex/-/ansi-regex-5.0.1.tgz. Extracting by manifest.
2384 silly tarball no local data for strip-ansi@https://registry.npmjs.org/strip-ansi/-/strip-ansi-6.0.1.tgz. Extracting by manifest.
2385 silly tarball no local data for @jest/pattern@https://registry.npmjs.org/@jest/pattern/-/pattern-30.4.0.tgz. Extracting by manifest.
2386 silly tarball no local data for supertest@https://registry.npmjs.org/supertest/-/supertest-7.2.2.tgz. Extracting by manifest.
2387 silly tarball no local data for string-width@https://registry.npmjs.org/string-width/-/string-width-4.2.3.tgz. Extracting by manifest.
2388 silly tarball no local data for mime-db@https://registry.npmjs.org/mime-db/-/mime-db-1.52.0.tgz. Extracting by manifest.
2389 silly tarball no local data for wrap-ansi@https://registry.npmjs.org/wrap-ansi/-/wrap-ansi-7.0.0.tgz. Extracting by manifest.
2390 silly tarball no local data for mime-types@https://registry.npmjs.org/mime-types/-/mime-types-2.1.35.tgz. Extracting by manifest.
2391 silly tarball no local data for emoji-regex@https://registry.npmjs.org/emoji-regex/-/emoji-regex-8.0.0.tgz. Extracting by manifest.
2392 silly tarball no local data for picomatch@https://registry.npmjs.org/picomatch/-/picomatch-2.3.2.tgz. Extracting by manifest.
2393 silly tarball no local data for ansi-regex@https://registry.npmjs.org/ansi-regex/-/ansi-regex-5.0.1.tgz. Extracting by manifest.
2394 silly tarball no local data for p-limit@https://registry.npmjs.org/p-limit/-/p-limit-2.3.0.tgz. Extracting by manifest.
2395 silly tarball no local data for strip-ansi@https://registry.npmjs.org/strip-ansi/-/strip-ansi-6.0.1.tgz. Extracting by manifest.
2396 silly tarball no local data for @jest/types@https://registry.npmjs.org/@jest/types/-/types-30.4.1.tgz. Extracting by manifest.
2397 silly tarball no local data for string-width@https://registry.npmjs.org/string-width/-/string-width-4.2.3.tgz. Extracting by manifest.
2398 silly tarball no local data for emoji-regex@https://registry.npmjs.org/emoji-regex/-/emoji-regex-8.0.0.tgz. Extracting by manifest.
2399 silly tarball no local data for ansi-regex@https://registry.npmjs.org/ansi-regex/-/ansi-regex-5.0.1.tgz. Extracting by manifest.
2400 silly tarball no local data for signal-exit@https://registry.npmjs.org/signal-exit/-/signal-exit-3.0.7.tgz. Extracting by manifest.
2401 silly tarball no local data for strip-ansi@https://registry.npmjs.org/strip-ansi/-/strip-ansi-6.0.1.tgz. Extracting by manifest.
2402 silly tarball no local data for emoji-regex@https://registry.npmjs.org/emoji-regex/-/emoji-regex-8.0.0.tgz. Extracting by manifest.
2403 silly tarball no local data for string-width@https://registry.npmjs.org/string-width/-/string-width-4.2.3.tgz. Extracting by manifest.
2404 silly tarball no local data for ansi-styles@https://registry.npmjs.org/ansi-styles/-/ansi-styles-6.2.3.tgz. Extracting by manifest.
2405 silly tarball no local data for ansi-regex@https://registry.npmjs.org/ansi-regex/-/ansi-regex-5.0.1.tgz. Extracting by manifest.
2406 silly tarball no local data for ansi-regex@https://registry.npmjs.org/ansi-regex/-/ansi-regex-5.0.1.tgz. Extracting by manifest.
2407 silly tarball no local data for strip-ansi@https://registry.npmjs.org/strip-ansi/-/strip-ansi-6.0.1.tgz. Extracting by manifest.
2408 silly tarball no local data for emoji-regex@https://registry.npmjs.org/emoji-regex/-/emoji-regex-8.0.0.tgz. Extracting by manifest.
2409 silly tarball no local data for lru-cache@https://registry.npmjs.org/lru-cache/-/lru-cache-10.4.3.tgz. Extracting by manifest.
2410 silly tarball no local data for brace-expansion@https://registry.npmjs.org/brace-expansion/-/brace-expansion-1.1.14.tgz. Extracting by manifest.
2411 silly tarball no local data for glob@https://registry.npmjs.org/glob/-/glob-7.2.3.tgz. Extracting by manifest.
2412 silly tarball no local data for minimatch@https://registry.npmjs.org/minimatch/-/minimatch-3.1.5.tgz. Extracting by manifest.
2413 silly tarball no local data for semver@https://registry.npmjs.org/semver/-/semver-6.3.1.tgz. Extracting by manifest.
2414 silly tarball no local data for semver@https://registry.npmjs.org/semver/-/semver-6.3.1.tgz. Extracting by manifest.
2415 silly tarball no local data for supports-color@https://registry.npmjs.org/supports-color/-/supports-color-8.1.1.tgz. Extracting by manifest.
2416 silly tarball no local data for @jest/core@https://registry.npmjs.org/@jest/core/-/core-30.4.2.tgz. Extracting by manifest.
2417 silly tarball no local data for ansi-regex@https://registry.npmjs.org/ansi-regex/-/ansi-regex-5.0.1.tgz. Extracting by manifest.
2418 silly tarball no local data for strip-ansi@https://registry.npmjs.org/strip-ansi/-/strip-ansi-6.0.1.tgz. Extracting by manifest.
2419 silly tarball no local data for ansi-styles@https://registry.npmjs.org/ansi-styles/-/ansi-styles-5.2.0.tgz. Extracting by manifest.
2420 silly tarball no local data for camelcase@https://registry.npmjs.org/camelcase/-/camelcase-6.3.0.tgz. Extracting by manifest.
2421 http fetch GET 200 https://registry.npmjs.org/p-try/-/p-try-2.2.0.tgz 70ms (cache miss)
2422 http fetch GET 200 https://registry.npmjs.org/fs.realpath/-/fs.realpath-1.0.0.tgz 70ms (cache miss)
2423 http fetch GET 200 https://registry.npmjs.org/cliui/-/cliui-8.0.1.tgz 71ms (cache miss)
2424 http fetch GET 200 https://registry.npmjs.org/yargs-parser/-/yargs-parser-21.1.1.tgz 71ms (cache miss)
2425 http fetch GET 200 https://registry.npmjs.org/y18n/-/y18n-5.0.8.tgz 72ms (cache miss)
2426 http fetch GET 200 https://registry.npmjs.org/path-is-absolute/-/path-is-absolute-1.0.1.tgz 84ms (cache miss)
2427 http fetch GET 200 https://registry.npmjs.org/require-directory/-/require-directory-2.1.1.tgz 89ms (cache miss)
2428 http fetch GET 200 https://registry.npmjs.org/tslib/-/tslib-2.8.1.tgz 102ms (cache miss)
2429 http fetch GET 200 https://registry.npmjs.org/napi-postinstall/-/napi-postinstall-0.3.4.tgz 121ms (cache miss)
2430 http fetch GET 200 https://registry.npmjs.org/concat-map/-/concat-map-0.0.1.tgz 125ms (cache miss)
2431 http fetch GET 200 https://registry.npmjs.org/@tybys/wasm-util/-/wasm-util-0.10.2.tgz 135ms (cache miss)
2432 http fetch GET 200 https://registry.npmjs.org/@emnapi/runtime/-/runtime-1.10.0.tgz 141ms (cache miss)
2433 http fetch GET 200 https://registry.npmjs.org/has-flag/-/has-flag-4.0.0.tgz 198ms (cache miss)
2434 http fetch GET 200 https://registry.npmjs.org/isexe/-/isexe-2.0.0.tgz 208ms (cache miss)
2435 http fetch GET 200 https://registry.npmjs.org/makeerror/-/makeerror-1.0.12.tgz 208ms (cache miss)
2436 http fetch GET 200 https://registry.npmjs.org/@pkgr/core/-/core-0.2.9.tgz 223ms (cache miss)
2437 http fetch GET 200 https://registry.npmjs.org/asap/-/asap-2.0.6.tgz 232ms (cache miss)
2438 http fetch GET 200 https://registry.npmjs.org/@emnapi/core/-/core-1.10.0.tgz 237ms (cache miss)
2439 http fetch GET 200 https://registry.npmjs.org/@napi-rs/wasm-runtime/-/wasm-runtime-0.2.12.tgz 248ms (cache miss)
2440 http fetch POST 200 https://registry.npmjs.org/-/npm/v1/security/advisories/bulk 277ms
2441 silly audit report {}
2442 http fetch GET 200 https://registry.npmjs.org/has-tostringtag/-/has-tostringtag-1.0.2.tgz 255ms (cache miss)
2443 http fetch GET 200 https://registry.npmjs.org/@paralleldrive/cuid2/-/cuid2-2.3.1.tgz 255ms (cache miss)
2444 http fetch GET 200 https://registry.npmjs.org/escalade/-/escalade-3.2.0.tgz 257ms (cache miss)
2445 http fetch GET 200 https://registry.npmjs.org/tmpl/-/tmpl-1.0.5.tgz 257ms (cache miss)
2446 http fetch GET 200 https://registry.npmjs.org/get-caller-file/-/get-caller-file-2.0.5.tgz 265ms (cache miss)
2447 http fetch GET 200 https://registry.npmjs.org/delayed-stream/-/delayed-stream-1.0.0.tgz 274ms (cache miss)
2448 http fetch GET 200 https://registry.npmjs.org/imurmurhash/-/imurmurhash-0.1.4.tgz 276ms (cache miss)
2449 http fetch GET 200 https://registry.npmjs.org/dezalgo/-/dezalgo-1.0.4.tgz 274ms (cache miss)
2450 http fetch GET 200 https://registry.npmjs.org/combined-stream/-/combined-stream-1.0.8.tgz 308ms (cache miss)
2451 http fetch GET 200 https://registry.npmjs.org/cookiejar/-/cookiejar-2.1.4.tgz 308ms (cache miss)
2452 http fetch GET 200 https://registry.npmjs.org/asynckit/-/asynckit-0.4.0.tgz 308ms (cache miss)
2453 http fetch GET 200 https://registry.npmjs.org/form-data/-/form-data-4.0.5.tgz 309ms (cache miss)
2454 http fetch GET 200 https://registry.npmjs.org/mime/-/mime-2.6.0.tgz 316ms (cache miss)
2455 http fetch GET 200 https://registry.npmjs.org/@noble/hashes/-/hashes-1.8.0.tgz 321ms (cache miss)
2456 http fetch GET 200 https://registry.npmjs.org/formidable/-/formidable-3.5.4.tgz 339ms (cache miss)
2457 http fetch GET 200 https://registry.npmjs.org/inflight/-/inflight-1.0.6.tgz 339ms (cache miss)
2458 warn deprecated inflight@1.0.6: This module is not supported, and leaks memory. Do not use it. Check out lru-cache if you want a good and tested way to coalesce async requests by a key value, which is much more comprehensive and powerful.
2459 http fetch GET 200 https://registry.npmjs.org/is-fullwidth-code-point/-/is-fullwidth-code-point-3.0.0.tgz 345ms (cache miss)
2460 http fetch GET 200 https://registry.npmjs.org/methods/-/methods-1.1.2.tgz 346ms (cache miss)
2461 http fetch GET 200 https://registry.npmjs.org/component-emitter/-/component-emitter-1.3.1.tgz 364ms (cache miss)
2462 http fetch GET 200 https://registry.npmjs.org/ansi-regex/-/ansi-regex-6.2.2.tgz 364ms (cache miss)
2463 http fetch GET 200 https://registry.npmjs.org/@emnapi/wasi-threads/-/wasi-threads-1.2.1.tgz 371ms (cache miss)
2464 http fetch GET 200 https://registry.npmjs.org/es-set-tostringtag/-/es-set-tostringtag-2.1.0.tgz 386ms (cache miss)
2465 http fetch GET 200 https://registry.npmjs.org/eastasianwidth/-/eastasianwidth-0.2.0.tgz 386ms (cache miss)
2466 http fetch GET 200 https://registry.npmjs.org/escape-string-regexp/-/escape-string-regexp-2.0.0.tgz 386ms (cache miss)
2467 http fetch GET 200 https://registry.npmjs.org/emoji-regex/-/emoji-regex-9.2.2.tgz 386ms (cache miss)
2468 http fetch GET 200 https://registry.npmjs.org/@unrs/resolver-binding-darwin-arm64/-/resolver-binding-darwin-arm64-1.11.1.tgz 407ms (cache miss)
2469 http fetch GET 200 https://registry.npmjs.org/char-regex/-/char-regex-1.0.2.tgz 406ms (cache miss)
2470 http fetch GET 200 https://registry.npmjs.org/source-map/-/source-map-0.6.1.tgz 413ms (cache miss)
2471 http fetch GET 200 https://registry.npmjs.org/react-is/-/react-is-19.2.6.tgz 423ms (cache miss)
2472 http fetch GET 200 https://registry.npmjs.org/react-is/-/react-is-18.3.1.tgz 423ms (cache miss)
2473 http fetch GET 200 https://registry.npmjs.org/buffer-from/-/buffer-from-1.1.2.tgz 423ms (cache miss)
2474 http fetch GET 200 https://registry.npmjs.org/superagent/-/superagent-10.3.0.tgz 431ms (cache miss)
2475 http fetch GET 200 https://registry.npmjs.org/is-arrayish/-/is-arrayish-0.2.1.tgz 430ms (cache miss)
2476 http fetch GET 200 https://registry.npmjs.org/yocto-queue/-/yocto-queue-0.1.0.tgz 430ms (cache miss)
2477 http fetch GET 200 https://registry.npmjs.org/mimic-fn/-/mimic-fn-2.1.0.tgz 431ms (cache miss)
2478 http fetch GET 200 https://registry.npmjs.org/lines-and-columns/-/lines-and-columns-1.2.4.tgz 431ms (cache miss)
2479 http fetch GET 200 https://registry.npmjs.org/error-ex/-/error-ex-1.3.4.tgz 431ms (cache miss)
2480 http fetch GET 200 https://registry.npmjs.org/balanced-match/-/balanced-match-1.0.2.tgz 430ms (cache miss)
2481 http fetch GET 200 https://registry.npmjs.org/json-parse-even-better-errors/-/json-parse-even-better-errors-2.3.1.tgz 447ms (cache miss)
2482 http fetch GET 200 https://registry.npmjs.org/brace-expansion/-/brace-expansion-2.1.0.tgz 448ms (cache miss)
2483 http fetch GET 200 https://registry.npmjs.org/esprima/-/esprima-4.0.1.tgz 466ms (cache miss)
2484 http fetch GET 200 https://registry.npmjs.org/p-locate/-/p-locate-4.1.0.tgz 470ms (cache miss)
2485 http fetch GET 200 https://registry.npmjs.org/shebang-regex/-/shebang-regex-3.0.0.tgz 471ms (cache miss)
2486 http fetch GET 200 https://registry.npmjs.org/leven/-/leven-3.1.0.tgz 471ms (cache miss)
2487 http fetch GET 200 https://registry.npmjs.org/natural-compare/-/natural-compare-1.4.0.tgz 472ms (cache miss)
2488 http fetch GET 200 https://registry.npmjs.org/callsites/-/callsites-3.1.0.tgz 472ms (cache miss)
2489 http fetch GET 200 https://registry.npmjs.org/argparse/-/argparse-1.0.10.tgz 476ms (cache miss)
2490 http fetch GET 200 https://registry.npmjs.org/yallist/-/yallist-3.1.1.tgz 477ms (cache miss)
2491 http fetch GET 200 https://registry.npmjs.org/@ungap/structured-clone/-/structured-clone-1.3.1.tgz 482ms (cache miss)
2492 http fetch GET 200 https://registry.npmjs.org/sprintf-js/-/sprintf-js-1.0.3.tgz 485ms (cache miss)
2493 http fetch GET 200 https://registry.npmjs.org/synckit/-/synckit-0.11.12.tgz 488ms (cache miss)
2494 http fetch GET 200 https://registry.npmjs.org/@babel/plugin-syntax-typescript/-/plugin-syntax-typescript-7.28.6.tgz 496ms (cache miss)
2495 http fetch GET 200 https://registry.npmjs.org/@babel/plugin-syntax-jsx/-/plugin-syntax-jsx-7.28.6.tgz 506ms (cache miss)
2496 http fetch GET 200 https://registry.npmjs.org/unrs-resolver/-/unrs-resolver-1.11.1.tgz 510ms (cache miss)
2497 http fetch GET 200 https://registry.npmjs.org/source-map-support/-/source-map-support-0.5.13.tgz 511ms (cache miss)
2498 http fetch GET 200 https://registry.npmjs.org/jest-leak-detector/-/jest-leak-detector-30.4.1.tgz 514ms (cache miss)
2499 http fetch GET 200 https://registry.npmjs.org/fast-safe-stringify/-/fast-safe-stringify-2.1.1.tgz 516ms (cache miss)
2500 http fetch GET 200 https://registry.npmjs.org/@jest/snapshot-utils/-/snapshot-utils-30.4.1.tgz 521ms (cache miss)
2501 http fetch GET 200 https://registry.npmjs.org/@types/stack-utils/-/stack-utils-2.0.3.tgz 523ms (cache miss)
2502 http fetch GET 200 https://registry.npmjs.org/emittery/-/emittery-0.13.1.tgz 524ms (cache miss)
2503 http fetch GET 200 https://registry.npmjs.org/jest-pnp-resolver/-/jest-pnp-resolver-1.2.3.tgz 538ms (cache miss)
2504 http fetch GET 200 https://registry.npmjs.org/@jest/diff-sequences/-/diff-sequences-30.4.0.tgz 541ms (cache miss)
2505 http fetch GET 200 https://registry.npmjs.org/jest-diff/-/jest-diff-30.4.1.tgz 545ms (cache miss)
2506 http fetch GET 200 https://registry.npmjs.org/node-int64/-/node-int64-0.4.0.tgz 547ms (cache miss)
2507 http fetch GET 200 https://registry.npmjs.org/@jest/source-map/-/source-map-30.0.1.tgz 549ms (cache miss)
2508 http fetch GET 200 https://registry.npmjs.org/picomatch/-/picomatch-4.0.4.tgz 552ms (cache miss)
2509 http fetch GET 200 https://registry.npmjs.org/bser/-/bser-2.1.1.tgz 560ms (cache miss)
2510 http fetch GET 200 https://registry.npmjs.org/detect-newline/-/detect-newline-3.1.0.tgz 567ms (cache miss)
2511 http fetch GET 200 https://registry.npmjs.org/strip-bom/-/strip-bom-4.0.0.tgz 567ms (cache miss)
2512 http fetch GET 200 https://registry.npmjs.org/fsevents/-/fsevents-2.3.3.tgz 567ms (cache miss)
2513 http fetch GET 200 https://registry.npmjs.org/normalize-path/-/normalize-path-3.0.0.tgz 568ms (cache miss)
2514 http fetch GET 200 https://registry.npmjs.org/anymatch/-/anymatch-3.1.3.tgz 568ms (cache miss)
2515 http fetch GET 200 https://registry.npmjs.org/walker/-/walker-1.0.8.tgz 568ms (cache miss)
2516 http fetch GET 200 https://registry.npmjs.org/cjs-module-lexer/-/cjs-module-lexer-2.2.0.tgz 578ms (cache miss)
2517 http fetch GET 200 https://registry.npmjs.org/type-detect/-/type-detect-4.0.8.tgz 597ms (cache miss)
2518 http fetch GET 200 https://registry.npmjs.org/@jest/expect-utils/-/expect-utils-30.4.1.tgz 603ms (cache miss)
2519 http fetch GET 200 https://registry.npmjs.org/jest-matcher-utils/-/jest-matcher-utils-30.4.1.tgz 609ms (cache miss)
2520 http fetch GET 200 https://registry.npmjs.org/@jest/fake-timers/-/fake-timers-30.4.1.tgz 612ms (cache miss)
2521 http fetch GET 200 https://registry.npmjs.org/fb-watchman/-/fb-watchman-2.0.2.tgz 613ms (cache miss)
2522 http fetch GET 200 https://registry.npmjs.org/is-generator-fn/-/is-generator-fn-2.1.0.tgz 616ms (cache miss)
2523 http fetch GET 200 https://registry.npmjs.org/stack-utils/-/stack-utils-2.0.6.tgz 617ms (cache miss)
2524 http fetch GET 200 https://registry.npmjs.org/expect/-/expect-30.4.1.tgz 620ms (cache miss)
2525 http fetch GET 200 https://registry.npmjs.org/pure-rand/-/pure-rand-7.0.1.tgz 622ms (cache miss)
2526 http fetch GET 200 https://registry.npmjs.org/jest-mock/-/jest-mock-30.4.1.tgz 628ms (cache miss)
2527 http fetch GET 200 https://registry.npmjs.org/dedent/-/dedent-1.7.2.tgz 634ms (cache miss)
2528 http fetch GET 200 https://registry.npmjs.org/@sinonjs/commons/-/commons-3.0.1.tgz 643ms (cache miss)
2529 http fetch GET 200 https://registry.npmjs.org/@babel/plugin-syntax-top-level-await/-/plugin-syntax-top-level-await-7.14.5.tgz 661ms (cache miss)
2530 http fetch GET 200 https://registry.npmjs.org/@babel/plugin-syntax-optional-catch-binding/-/plugin-syntax-optional-catch-binding-7.8.3.tgz 661ms (cache miss)
2531 http fetch GET 200 https://registry.npmjs.org/@babel/plugin-syntax-optional-chaining/-/plugin-syntax-optional-chaining-7.8.3.tgz 664ms (cache miss)
2532 http fetch GET 200 https://registry.npmjs.org/@babel/plugin-syntax-private-property-in-object/-/plugin-syntax-private-property-in-object-7.14.5.tgz 664ms (cache miss)
2533 http fetch GET 200 https://registry.npmjs.org/jest-each/-/jest-each-30.4.1.tgz 664ms (cache miss)
2534 http fetch GET 200 https://registry.npmjs.org/@babel/plugin-syntax-nullish-coalescing-operator/-/plugin-syntax-nullish-coalescing-operator-7.8.3.tgz 670ms (cache miss)
2535 http fetch GET 200 https://registry.npmjs.org/@jest/environment/-/environment-30.4.1.tgz 671ms (cache miss)
2536 http fetch GET 200 https://registry.npmjs.org/@babel/plugin-syntax-numeric-separator/-/plugin-syntax-numeric-separator-7.10.4.tgz 671ms (cache miss)
2537 http fetch GET 200 https://registry.npmjs.org/@babel/plugin-syntax-logical-assignment-operators/-/plugin-syntax-logical-assignment-operators-7.10.4.tgz 676ms (cache miss)
2538 http fetch GET 200 https://registry.npmjs.org/co/-/co-4.6.0.tgz 689ms (cache miss)
2539 http fetch GET 200 https://registry.npmjs.org/@babel/plugin-syntax-json-strings/-/plugin-syntax-json-strings-7.8.3.tgz 702ms (cache miss)
2540 http fetch GET 200 https://registry.npmjs.org/@babel/plugin-syntax-class-static-block/-/plugin-syntax-class-static-block-7.14.5.tgz 712ms (cache miss)
2541 http fetch GET 200 https://registry.npmjs.org/@babel/plugin-syntax-import-meta/-/plugin-syntax-import-meta-7.10.4.tgz 713ms (cache miss)
2542 http fetch GET 200 https://registry.npmjs.org/@babel/plugin-syntax-async-generators/-/plugin-syntax-async-generators-7.8.4.tgz 713ms (cache miss)
2543 http fetch GET 200 https://registry.npmjs.org/@babel/plugin-syntax-object-rest-spread/-/plugin-syntax-object-rest-spread-7.8.3.tgz 713ms (cache miss)
2544 http fetch GET 200 https://registry.npmjs.org/babel-preset-current-node-syntax/-/babel-preset-current-node-syntax-1.2.0.tgz 714ms (cache miss)
2545 http fetch GET 200 https://registry.npmjs.org/babel-plugin-jest-hoist/-/babel-plugin-jest-hoist-30.4.0.tgz 716ms (cache miss)
2546 http fetch GET 200 https://registry.npmjs.org/@babel/plugin-syntax-import-attributes/-/plugin-syntax-import-attributes-7.28.6.tgz 716ms (cache miss)
2547 http fetch GET 200 https://registry.npmjs.org/@babel/plugin-syntax-bigint/-/plugin-syntax-bigint-7.8.3.tgz 721ms (cache miss)
2548 http fetch GET 200 https://registry.npmjs.org/@types/babel__template/-/babel__template-7.4.4.tgz 744ms (cache miss)
2549 http fetch GET 200 https://registry.npmjs.org/@types/babel__traverse/-/babel__traverse-7.28.0.tgz 749ms (cache miss)
2550 http fetch GET 200 https://registry.npmjs.org/jest-environment-node/-/jest-environment-node-30.4.1.tgz 759ms (cache miss)
2551 http fetch GET 200 https://registry.npmjs.org/babel-preset-jest/-/babel-preset-jest-30.4.0.tgz 758ms (cache miss)
2552 http fetch GET 200 https://registry.npmjs.org/jest-circus/-/jest-circus-30.4.2.tgz 759ms (cache miss)
2553 http fetch GET 200 https://registry.npmjs.org/@jest/globals/-/globals-30.4.1.tgz 763ms (cache miss)
2554 http fetch GET 200 https://registry.npmjs.org/deepmerge/-/deepmerge-4.3.1.tgz 762ms (cache miss)
2555 http fetch GET 200 https://registry.npmjs.org/parse-json/-/parse-json-5.2.0.tgz 764ms (cache miss)
2556 http fetch GET 200 https://registry.npmjs.org/@types/babel__core/-/babel__core-7.20.5.tgz 763ms (cache miss)
2557 http fetch GET 200 https://registry.npmjs.org/strip-json-comments/-/strip-json-comments-3.1.1.tgz 769ms (cache miss)
2558 http fetch GET 200 https://registry.npmjs.org/@types/babel__generator/-/babel__generator-7.27.0.tgz 769ms (cache miss)
2559 http fetch GET 200 https://registry.npmjs.org/babel-jest/-/babel-jest-30.4.1.tgz 768ms (cache miss)
2560 http fetch GET 200 https://registry.npmjs.org/@jest/test-sequencer/-/test-sequencer-30.4.1.tgz 795ms (cache miss)
2561 http fetch GET 200 https://registry.npmjs.org/is-stream/-/is-stream-2.0.1.tgz 796ms (cache miss)
2562 http fetch GET 200 https://registry.npmjs.org/strip-final-newline/-/strip-final-newline-2.0.0.tgz 797ms (cache miss)
2563 http fetch GET 200 https://registry.npmjs.org/get-stream/-/get-stream-6.0.1.tgz 806ms (cache miss)
2564 http fetch GET 200 https://registry.npmjs.org/npm-run-path/-/npm-run-path-4.0.1.tgz 806ms (cache miss)
2565 http fetch GET 200 https://registry.npmjs.org/onetime/-/onetime-5.1.2.tgz 806ms (cache miss)
2566 http fetch GET 200 https://registry.npmjs.org/merge-stream/-/merge-stream-2.0.0.tgz 806ms (cache miss)
2567 http fetch GET 200 https://registry.npmjs.org/@jest/get-type/-/get-type-30.1.0.tgz 809ms (cache miss)
2568 http fetch GET 200 https://registry.npmjs.org/@sinonjs/fake-timers/-/fake-timers-15.4.0.tgz 815ms (cache miss)
2569 http fetch GET 200 https://registry.npmjs.org/human-signals/-/human-signals-2.1.0.tgz 816ms (cache miss)
2570 http fetch GET 200 https://registry.npmjs.org/execa/-/execa-5.1.1.tgz 816ms (cache miss)
2571 http fetch GET 200 https://registry.npmjs.org/@jest/expect/-/expect-30.4.1.tgz 820ms (cache miss)
2572 http fetch GET 200 https://registry.npmjs.org/wrap-ansi/-/wrap-ansi-8.1.0.tgz 841ms (cache miss)
2573 http fetch GET 200 https://registry.npmjs.org/p-limit/-/p-limit-3.1.0.tgz 841ms (cache miss)
2574 http fetch GET 200 https://registry.npmjs.org/strip-ansi/-/strip-ansi-6.0.1.tgz 841ms (cache miss)
2575 http fetch GET 200 https://registry.npmjs.org/string-width/-/string-width-4.2.3.tgz 840ms (cache miss)
2576 http fetch GET 200 https://registry.npmjs.org/wrap-ansi/-/wrap-ansi-7.0.0.tgz 842ms (cache miss)
2577 http fetch GET 200 https://registry.npmjs.org/yargs/-/yargs-17.7.2.tgz 847ms (cache miss)
2578 http fetch GET 200 https://registry.npmjs.org/jest-docblock/-/jest-docblock-30.4.0.tgz 847ms (cache miss)
2579 http fetch GET 200 https://registry.npmjs.org/html-escaper/-/html-escaper-2.0.2.tgz 847ms (cache miss)
2580 http fetch GET 200 https://registry.npmjs.org/@pkgjs/parseargs/-/parseargs-0.11.0.tgz 858ms (cache miss)
2581 http fetch GET 200 https://registry.npmjs.org/strip-ansi/-/strip-ansi-7.2.0.tgz 859ms (cache miss)
2582 http fetch GET 200 https://registry.npmjs.org/string-width/-/string-width-5.1.2.tgz 868ms (cache miss)
2583 http fetch GET 200 https://registry.npmjs.org/pkg-dir/-/pkg-dir-4.2.0.tgz 875ms (cache miss)
2584 http fetch GET 200 https://registry.npmjs.org/shebang-command/-/shebang-command-2.0.0.tgz 875ms (cache miss)
2585 http fetch GET 200 https://registry.npmjs.org/resolve-cwd/-/resolve-cwd-3.0.0.tgz 881ms (cache miss)
2586 http fetch GET 200 https://registry.npmjs.org/path-key/-/path-key-3.1.1.tgz 882ms (cache miss)
2587 http fetch GET 200 https://registry.npmjs.org/package-json-from-dist/-/package-json-from-dist-1.0.1.tgz 882ms (cache miss)
2588 http fetch GET 200 https://registry.npmjs.org/@isaacs/cliui/-/cliui-8.0.2.tgz 882ms (cache miss)
2589 http fetch GET 200 https://registry.npmjs.org/path-scurry/-/path-scurry-1.11.1.tgz 887ms (cache miss)
2590 http fetch GET 200 https://registry.npmjs.org/which/-/which-2.0.2.tgz 888ms (cache miss)
2591 http fetch GET 200 https://registry.npmjs.org/minipass/-/minipass-7.1.3.tgz 894ms (cache miss)
2592 http fetch GET 200 https://registry.npmjs.org/signal-exit/-/signal-exit-4.1.0.tgz 900ms (cache miss)
2593 http fetch GET 200 https://registry.npmjs.org/cross-spawn/-/cross-spawn-7.0.6.tgz 904ms (cache miss)
2594 http fetch GET 200 https://registry.npmjs.org/foreground-child/-/foreground-child-3.3.1.tgz 904ms (cache miss)
2595 http fetch GET 200 https://registry.npmjs.org/jackspeak/-/jackspeak-3.4.3.tgz 924ms (cache miss)
2596 http fetch GET 200 https://registry.npmjs.org/node-releases/-/node-releases-2.0.44.tgz 924ms (cache miss)
2597 http fetch GET 200 https://registry.npmjs.org/color-name/-/color-name-1.1.4.tgz 930ms (cache miss)
2598 http fetch GET 200 https://registry.npmjs.org/minimatch/-/minimatch-9.0.9.tgz 932ms (cache miss)
2599 http fetch GET 200 https://registry.npmjs.org/path-exists/-/path-exists-4.0.0.tgz 934ms (cache miss)
2600 http fetch GET 200 https://registry.npmjs.org/locate-path/-/locate-path-5.0.0.tgz 941ms (cache miss)
2601 http fetch GET 200 https://registry.npmjs.org/update-browserslist-db/-/update-browserslist-db-1.2.3.tgz 941ms (cache miss)
2602 http fetch GET 200 https://registry.npmjs.org/resolve-from/-/resolve-from-5.0.0.tgz 945ms (cache miss)
2603 http fetch GET 200 https://registry.npmjs.org/electron-to-chromium/-/electron-to-chromium-1.5.353.tgz 946ms (cache miss)
2604 http fetch GET 200 https://registry.npmjs.org/supports-color/-/supports-color-7.2.0.tgz 947ms (cache miss)
2605 http fetch GET 200 https://registry.npmjs.org/make-dir/-/make-dir-4.0.0.tgz 948ms (cache miss)
2606 http fetch GET 200 https://registry.npmjs.org/color-convert/-/color-convert-2.0.1.tgz 948ms (cache miss)
2607 http fetch GET 200 https://registry.npmjs.org/ansi-styles/-/ansi-styles-4.3.0.tgz 957ms (cache miss)
2608 http fetch GET 200 https://registry.npmjs.org/camelcase/-/camelcase-5.3.1.tgz 993ms (cache miss)
2609 http fetch GET 200 https://registry.npmjs.org/find-up/-/find-up-4.1.0.tgz 993ms (cache miss)
2610 http fetch GET 200 https://registry.npmjs.org/get-package-type/-/get-package-type-0.1.0.tgz 993ms (cache miss)
2611 http fetch GET 200 https://registry.npmjs.org/baseline-browser-mapping/-/baseline-browser-mapping-2.10.29.tgz 1002ms (cache miss)
2612 http fetch GET 200 https://registry.npmjs.org/test-exclude/-/test-exclude-6.0.0.tgz 1002ms (cache miss)
2613 http fetch GET 200 https://registry.npmjs.org/@types/yargs-parser/-/yargs-parser-21.0.3.tgz 1002ms (cache miss)
2614 http fetch GET 200 https://registry.npmjs.org/js-yaml/-/js-yaml-3.14.2.tgz 1005ms (cache miss)
2615 http fetch GET 200 https://registry.npmjs.org/@istanbuljs/schema/-/schema-0.1.6.tgz 1005ms (cache miss)
2616 http fetch GET 200 https://registry.npmjs.org/@istanbuljs/load-nyc-config/-/load-nyc-config-1.1.0.tgz 1005ms (cache miss)
2617 http fetch GET 200 https://registry.npmjs.org/@babel/helper-plugin-utils/-/helper-plugin-utils-7.28.6.tgz 1007ms (cache miss)
2618 http fetch GET 200 https://registry.npmjs.org/@jridgewell/resolve-uri/-/resolve-uri-3.1.2.tgz 1010ms (cache miss)
2619 http fetch GET 200 https://registry.npmjs.org/@types/istanbul-lib-report/-/istanbul-lib-report-3.0.3.tgz 1021ms (cache miss)
2620 http fetch GET 200 https://registry.npmjs.org/@jridgewell/sourcemap-codec/-/sourcemap-codec-1.5.5.tgz 1032ms (cache miss)
2621 http fetch GET 200 https://registry.npmjs.org/@types/yargs/-/yargs-17.0.35.tgz 1035ms (cache miss)
2622 http fetch GET 200 https://registry.npmjs.org/undici-types/-/undici-types-7.21.0.tgz 1042ms (cache miss)
2623 http fetch GET 200 https://registry.npmjs.org/lru-cache/-/lru-cache-5.1.1.tgz 1049ms (cache miss)
2624 http fetch GET 200 https://registry.npmjs.org/@babel/helper-globals/-/helper-globals-7.28.0.tgz 1057ms (cache miss)
2625 http fetch GET 200 https://registry.npmjs.org/@types/istanbul-reports/-/istanbul-reports-3.0.4.tgz 1057ms (cache miss)
2626 http fetch GET 200 https://registry.npmjs.org/@jest/schemas/-/schemas-30.4.1.tgz 1061ms (cache miss)
2627 http fetch GET 200 https://registry.npmjs.org/@babel/helper-module-imports/-/helper-module-imports-7.28.6.tgz 1075ms (cache miss)
2628 http fetch GET 200 https://registry.npmjs.org/@jridgewell/gen-mapping/-/gen-mapping-0.3.13.tgz 1080ms (cache miss)
2629 http fetch GET 200 https://registry.npmjs.org/@babel/compat-data/-/compat-data-7.29.3.tgz 1080ms (cache miss)
2630 http fetch GET 200 https://registry.npmjs.org/@babel/helper-validator-option/-/helper-validator-option-7.27.1.tgz 1082ms (cache miss)
2631 http fetch GET 200 https://registry.npmjs.org/@babel/plugin-syntax-class-properties/-/plugin-syntax-class-properties-7.12.13.tgz 1082ms (cache miss)
2632 http fetch GET 200 https://registry.npmjs.org/picocolors/-/picocolors-1.1.1.tgz 1084ms (cache miss)
2633 http fetch GET 200 https://registry.npmjs.org/js-tokens/-/js-tokens-4.0.0.tgz 1085ms (cache miss)
2634 http fetch GET 200 https://registry.npmjs.org/jsesc/-/jsesc-3.1.0.tgz 1085ms (cache miss)
2635 http fetch GET 200 https://registry.npmjs.org/caniuse-lite/-/caniuse-lite-1.0.30001792.tgz 1105ms (cache miss)
2636 http fetch GET 200 https://registry.npmjs.org/@jridgewell/remapping/-/remapping-2.3.5.tgz 1103ms (cache miss)
2637 http fetch GET 200 https://registry.npmjs.org/@babel/helper-validator-identifier/-/helper-validator-identifier-7.28.5.tgz 1104ms (cache miss)
2638 http fetch GET 200 https://registry.npmjs.org/json5/-/json5-2.2.3.tgz 1108ms (cache miss)
2639 http fetch GET 200 https://registry.npmjs.org/@babel/helper-string-parser/-/helper-string-parser-7.27.1.tgz 1113ms (cache miss)
2640 http fetch GET 200 https://registry.npmjs.org/browserslist/-/browserslist-4.28.2.tgz 1116ms (cache miss)
2641 http fetch GET 200 https://registry.npmjs.org/write-file-atomic/-/write-file-atomic-5.0.1.tgz 1128ms (cache miss)
2642 http fetch GET 200 https://registry.npmjs.org/gensync/-/gensync-1.0.0-beta.2.tgz 1128ms (cache miss)
2643 http fetch GET 200 https://registry.npmjs.org/@babel/code-frame/-/code-frame-7.29.0.tgz 1132ms (cache miss)
2644 http fetch GET 200 https://registry.npmjs.org/@babel/helper-compilation-targets/-/helper-compilation-targets-7.28.6.tgz 1146ms (cache miss)
2645 http fetch GET 200 https://registry.npmjs.org/@babel/template/-/template-7.28.6.tgz 1184ms (cache miss)
2646 http fetch GET 200 https://registry.npmjs.org/@babel/helper-module-transforms/-/helper-module-transforms-7.28.6.tgz 1192ms (cache miss)
2647 http fetch GET 200 https://registry.npmjs.org/@babel/types/-/types-7.29.0.tgz 1197ms (cache miss)
2648 http fetch GET 200 https://registry.npmjs.org/v8-to-istanbul/-/v8-to-istanbul-9.3.0.tgz 1205ms (cache miss)
2649 http fetch GET 200 https://registry.npmjs.org/type-fest/-/type-fest-0.21.3.tgz 1211ms (cache miss)
2650 http fetch GET 200 https://registry.npmjs.org/convert-source-map/-/convert-source-map-2.0.0.tgz 1213ms (cache miss)
2651 http fetch GET 200 https://registry.npmjs.org/string-length/-/string-length-4.0.2.tgz 1222ms (cache miss)
2652 http fetch GET 200 https://registry.npmjs.org/pirates/-/pirates-4.0.7.tgz 1240ms (cache miss)
2653 http fetch GET 200 https://registry.npmjs.org/@babel/generator/-/generator-7.29.1.tgz 1242ms (cache miss)
2654 http fetch GET 200 https://registry.npmjs.org/@babel/core/-/core-7.29.0.tgz 1250ms (cache miss)
2655 http fetch GET 200 https://registry.npmjs.org/jest-worker/-/jest-worker-30.4.1.tgz 1251ms (cache miss)
2656 http fetch GET 200 https://registry.npmjs.org/babel-plugin-istanbul/-/babel-plugin-istanbul-7.0.1.tgz 1275ms (cache miss)
2657 http fetch GET 200 https://registry.npmjs.org/@sinclair/typebox/-/typebox-0.34.49.tgz 1280ms (cache miss)
2658 http fetch GET 200 https://registry.npmjs.org/istanbul-reports/-/istanbul-reports-3.2.0.tgz 1280ms (cache miss)
2659 http fetch GET 200 https://registry.npmjs.org/@babel/helpers/-/helpers-7.29.2.tgz 1295ms (cache miss)
2660 http fetch GET 200 https://registry.npmjs.org/@babel/parser/-/parser-7.29.3.tgz 1301ms (cache miss)
2661 http fetch GET 200 https://registry.npmjs.org/collect-v8-coverage/-/collect-v8-coverage-1.0.3.tgz 1312ms (cache miss)
2662 http fetch GET 200 https://registry.npmjs.org/istanbul-lib-instrument/-/istanbul-lib-instrument-6.0.3.tgz 1312ms (cache miss)
2663 http fetch GET 200 https://registry.npmjs.org/slash/-/slash-3.0.0.tgz 1315ms (cache miss)
2664 http fetch GET 200 https://registry.npmjs.org/istanbul-lib-coverage/-/istanbul-lib-coverage-3.2.2.tgz 1317ms (cache miss)
2665 http fetch GET 200 https://registry.npmjs.org/glob/-/glob-10.5.0.tgz 1317ms (cache miss)
2666 warn deprecated glob@10.5.0: Old versions of glob are not supported, and contain widely publicized security vulnerabilities, which have been fixed in the current version. Please update. Support for old versions may be purchased (at exorbitant rates) by contacting i@izs.me
2667 http fetch GET 200 https://registry.npmjs.org/istanbul-lib-report/-/istanbul-lib-report-3.0.1.tgz 1317ms (cache miss)
2668 http fetch GET 200 https://registry.npmjs.org/jest-validate/-/jest-validate-30.4.1.tgz 1322ms (cache miss)
2669 http fetch GET 200 https://registry.npmjs.org/pretty-format/-/pretty-format-30.4.1.tgz 1322ms (cache miss)
2670 http fetch GET 200 https://registry.npmjs.org/@bcoe/v8-coverage/-/v8-coverage-0.2.3.tgz 1328ms (cache miss)
2671 http fetch GET 200 https://registry.npmjs.org/istanbul-lib-source-maps/-/istanbul-lib-source-maps-5.0.6.tgz 1332ms (cache miss)
2672 http fetch GET 200 https://registry.npmjs.org/@babel/traverse/-/traverse-7.29.0.tgz 1339ms (cache miss)
2673 http fetch GET 200 https://registry.npmjs.org/jest-runtime/-/jest-runtime-30.4.2.tgz 1339ms (cache miss)
2674 http fetch GET 200 https://registry.npmjs.org/jest-snapshot/-/jest-snapshot-30.4.1.tgz 1343ms (cache miss)
2675 http fetch GET 200 https://registry.npmjs.org/@jridgewell/trace-mapping/-/trace-mapping-0.3.31.tgz 1347ms (cache miss)
2676 http fetch GET 200 https://registry.npmjs.org/jest-regex-util/-/jest-regex-util-30.4.0.tgz 1352ms (cache miss)
2677 http fetch GET 200 https://registry.npmjs.org/jest-resolve/-/jest-resolve-30.4.1.tgz 1357ms (cache miss)
2678 http fetch GET 200 https://registry.npmjs.org/jest-resolve-dependencies/-/jest-resolve-dependencies-30.4.2.tgz 1364ms (cache miss)
2679 http fetch GET 200 https://registry.npmjs.org/jest-watcher/-/jest-watcher-30.4.1.tgz 1364ms (cache miss)
2680 http fetch GET 200 https://registry.npmjs.org/jest-runner/-/jest-runner-30.4.2.tgz 1364ms (cache miss)
2681 http fetch GET 200 https://registry.npmjs.org/jest-config/-/jest-config-30.4.2.tgz 1365ms (cache miss)
2682 http fetch GET 200 https://registry.npmjs.org/jest-changed-files/-/jest-changed-files-30.4.1.tgz 1370ms (cache miss)
2683 http fetch GET 200 https://registry.npmjs.org/graceful-fs/-/graceful-fs-4.2.11.tgz 1373ms (cache miss)
2684 http fetch GET 200 https://registry.npmjs.org/jest-message-util/-/jest-message-util-30.4.1.tgz 1373ms (cache miss)
2685 http fetch GET 200 https://registry.npmjs.org/ansi-escapes/-/ansi-escapes-4.3.2.tgz 1386ms (cache miss)
2686 http fetch GET 200 https://registry.npmjs.org/jest-haste-map/-/jest-haste-map-30.4.1.tgz 1387ms (cache miss)
2687 http fetch GET 200 https://registry.npmjs.org/ci-info/-/ci-info-4.4.0.tgz 1394ms (cache miss)
2688 http fetch GET 200 https://registry.npmjs.org/@jest/transform/-/transform-30.4.1.tgz 1405ms (cache miss)
2689 http fetch GET 200 https://registry.npmjs.org/jest-util/-/jest-util-30.4.1.tgz 1407ms (cache miss)
2690 http fetch GET 200 https://registry.npmjs.org/fast-json-stable-stringify/-/fast-json-stable-stringify-2.1.0.tgz 1407ms (cache miss)
2691 http fetch GET 200 https://registry.npmjs.org/chalk/-/chalk-4.1.2.tgz 1409ms (cache miss)
2692 http fetch GET 200 https://registry.npmjs.org/jest-cli/-/jest-cli-30.4.2.tgz 1414ms (cache miss)
2693 http fetch GET 200 https://registry.npmjs.org/import-local/-/import-local-3.2.0.tgz 1414ms (cache miss)
2694 http fetch GET 200 https://registry.npmjs.org/@jest/test-result/-/test-result-30.4.1.tgz 1420ms (cache miss)
2695 http fetch GET 200 https://registry.npmjs.org/@jest/reporters/-/reporters-30.4.1.tgz 1421ms (cache miss)
2696 http fetch GET 200 https://registry.npmjs.org/exit-x/-/exit-x-0.2.2.tgz 1467ms (cache miss)
2697 http fetch GET 200 https://registry.npmjs.org/strip-ansi/-/strip-ansi-6.0.1.tgz 1469ms (cache miss)
2698 http fetch GET 200 https://registry.npmjs.org/jest/-/jest-30.4.2.tgz 1469ms (cache miss)
2699 http fetch GET 200 https://registry.npmjs.org/@types/istanbul-lib-coverage/-/istanbul-lib-coverage-2.0.6.tgz 1470ms (cache miss)
2700 http fetch GET 200 https://registry.npmjs.org/@jest/pattern/-/pattern-30.4.0.tgz 1471ms (cache miss)
2701 http fetch GET 200 https://registry.npmjs.org/mime-types/-/mime-types-2.1.35.tgz 1471ms (cache miss)
2702 http fetch GET 200 https://registry.npmjs.org/ansi-regex/-/ansi-regex-5.0.1.tgz 1471ms (cache miss)
2703 http fetch GET 200 https://registry.npmjs.org/supertest/-/supertest-7.2.2.tgz 1473ms (cache miss)
2704 http fetch GET 200 https://registry.npmjs.org/picomatch/-/picomatch-2.3.2.tgz 1473ms (cache miss)
2705 http fetch GET 200 https://registry.npmjs.org/emoji-regex/-/emoji-regex-8.0.0.tgz 1475ms (cache miss)
2706 http fetch GET 200 https://registry.npmjs.org/wrap-ansi/-/wrap-ansi-7.0.0.tgz 1478ms (cache miss)
2707 http fetch GET 200 https://registry.npmjs.org/string-width/-/string-width-4.2.3.tgz 1478ms (cache miss)
2708 http fetch GET 200 https://registry.npmjs.org/mime-db/-/mime-db-1.52.0.tgz 1478ms (cache miss)
2709 http fetch GET 200 https://registry.npmjs.org/@types/node/-/node-25.7.0.tgz 1481ms (cache miss)
2710 http fetch GET 200 https://registry.npmjs.org/ansi-regex/-/ansi-regex-5.0.1.tgz 1488ms (cache miss)
2711 http fetch GET 200 https://registry.npmjs.org/signal-exit/-/signal-exit-3.0.7.tgz 1502ms (cache miss)
2712 http fetch GET 200 https://registry.npmjs.org/ansi-regex/-/ansi-regex-5.0.1.tgz 1506ms (cache miss)
2713 http fetch GET 200 https://registry.npmjs.org/emoji-regex/-/emoji-regex-8.0.0.tgz 1508ms (cache miss)
2714 http fetch GET 200 https://registry.npmjs.org/@jest/types/-/types-30.4.1.tgz 1512ms (cache miss)
2715 http fetch GET 200 https://registry.npmjs.org/string-width/-/string-width-4.2.3.tgz 1516ms (cache miss)
2716 http fetch GET 200 https://registry.npmjs.org/strip-ansi/-/strip-ansi-6.0.1.tgz 1517ms (cache miss)
2717 http fetch GET 200 https://registry.npmjs.org/p-limit/-/p-limit-2.3.0.tgz 1518ms (cache miss)
2718 http fetch GET 200 https://registry.npmjs.org/string-width/-/string-width-4.2.3.tgz 1518ms (cache miss)
2719 http fetch GET 200 https://registry.npmjs.org/emoji-regex/-/emoji-regex-8.0.0.tgz 1521ms (cache miss)
2720 http fetch GET 200 https://registry.npmjs.org/ansi-regex/-/ansi-regex-5.0.1.tgz 1523ms (cache miss)
2721 http fetch GET 200 https://registry.npmjs.org/ansi-styles/-/ansi-styles-6.2.3.tgz 1523ms (cache miss)
2722 http fetch GET 200 https://registry.npmjs.org/strip-ansi/-/strip-ansi-6.0.1.tgz 1526ms (cache miss)
2723 http fetch GET 200 https://registry.npmjs.org/strip-ansi/-/strip-ansi-6.0.1.tgz 1543ms (cache miss)
2724 http fetch GET 200 https://registry.npmjs.org/emoji-regex/-/emoji-regex-8.0.0.tgz 1545ms (cache miss)
2725 http fetch GET 200 https://registry.npmjs.org/ansi-regex/-/ansi-regex-5.0.1.tgz 1550ms (cache miss)
2726 http fetch GET 200 https://registry.npmjs.org/glob/-/glob-7.2.3.tgz 1556ms (cache miss)
2727 warn deprecated glob@7.2.3: Old versions of glob are not supported, and contain widely publicized security vulnerabilities, which have been fixed in the current version. Please update. Support for old versions may be purchased (at exorbitant rates) by contacting i@izs.me
2728 http fetch GET 200 https://registry.npmjs.org/minimatch/-/minimatch-3.1.5.tgz 1563ms (cache miss)
2729 http fetch GET 200 https://registry.npmjs.org/brace-expansion/-/brace-expansion-1.1.14.tgz 1563ms (cache miss)
2730 http fetch GET 200 https://registry.npmjs.org/semver/-/semver-6.3.1.tgz 1563ms (cache miss)
2731 http fetch GET 200 https://registry.npmjs.org/lru-cache/-/lru-cache-10.4.3.tgz 1564ms (cache miss)
2732 http fetch GET 200 https://registry.npmjs.org/ansi-regex/-/ansi-regex-5.0.1.tgz 1569ms (cache miss)
2733 http fetch GET 200 https://registry.npmjs.org/semver/-/semver-6.3.1.tgz 1571ms (cache miss)
2734 http fetch GET 200 https://registry.npmjs.org/supports-color/-/supports-color-8.1.1.tgz 1580ms (cache miss)
2735 http fetch GET 200 https://registry.npmjs.org/strip-ansi/-/strip-ansi-6.0.1.tgz 1581ms (cache miss)
2736 http fetch GET 200 https://registry.npmjs.org/ansi-styles/-/ansi-styles-5.2.0.tgz 1579ms (cache miss)
2737 http fetch GET 200 https://registry.npmjs.org/@jest/core/-/core-30.4.2.tgz 1607ms (cache miss)
2738 http fetch GET 200 https://registry.npmjs.org/camelcase/-/camelcase-6.3.0.tgz 1601ms (cache miss)
2739 http fetch GET 200 https://registry.npmjs.org/@jest/console/-/console-30.4.1.tgz 1622ms (cache miss)
2740 info run fsevents@2.3.3 install node_modules/fsevents node-gyp rebuild
2741 info run fsevents@2.3.3 install { code: 1, signal: null }
2742 verbose reify failed optional dependency /Users/absaad/Desktop/todo-api/node_modules/fsevents
2743 silly reify mark deleted [ '/Users/absaad/Desktop/todo-api/node_modules/fsevents' ]
2744 info run unrs-resolver@1.11.1 postinstall node_modules/unrs-resolver napi-postinstall unrs-resolver 1.11.1 check
2745 info run unrs-resolver@1.11.1 postinstall { code: 0, signal: null }
2746 silly ADD node_modules/concat-map
2747 silly ADD node_modules/path-is-absolute
2748 silly ADD node_modules/inflight
2749 silly ADD node_modules/fs.realpath
2750 silly ADD node_modules/p-try
2751 silly ADD node_modules/yargs-parser
2752 silly ADD node_modules/y18n
2753 silly ADD node_modules/require-directory
2754 silly ADD node_modules/get-caller-file
2755 silly ADD node_modules/cliui
2756 silly ADD node_modules/cliui/node_modules/ansi-regex
2757 silly ADD node_modules/cliui/node_modules/emoji-regex
2758 silly ADD node_modules/cliui/node_modules/wrap-ansi
2759 silly ADD node_modules/cliui/node_modules/strip-ansi
2760 silly ADD node_modules/cliui/node_modules/string-width
2761 silly ADD node_modules/imurmurhash
2762 silly ADD node_modules/isexe
2763 silly ADD node_modules/tmpl
2764 silly ADD node_modules/makeerror
2765 silly ADD node_modules/escalade
2766 silly ADD
2767 silly ADD
2768 silly ADD
2769 silly ADD
2770 silly ADD
2771 silly ADD
2772 silly ADD node_modules/napi-postinstall
2773 silly ADD
2774 silly ADD
2775 silly ADD
2776 silly ADD
2777 silly ADD
2778 silly ADD
2779 silly ADD
2780 silly ADD
2781 silly ADD
2782 silly ADD
2783 silly ADD
2784 silly ADD
2785 silly ADD
2786 silly ADD
2787 silly ADD
2788 silly ADD
2789 silly ADD node_modules/@unrs/resolver-binding-darwin-arm64
2790 silly ADD
2791 silly ADD
2792 silly ADD node_modules/@pkgr/core
2793 silly ADD node_modules/has-flag
2794 silly ADD node_modules/asap
2795 silly ADD node_modules/@noble/hashes
2796 silly ADD node_modules/dezalgo
2797 silly ADD node_modules/@paralleldrive/cuid2
2798 silly ADD node_modules/has-tostringtag
2799 silly ADD node_modules/delayed-stream
2800 silly ADD node_modules/es-set-tostringtag
2801 silly ADD node_modules/combined-stream
2802 silly ADD node_modules/asynckit
2803 silly ADD node_modules/mime
2804 silly ADD node_modules/formidable
2805 silly ADD node_modules/form-data
2806 silly ADD node_modules/form-data/node_modules/mime-db
2807 silly ADD node_modules/form-data/node_modules/mime-types
2808 silly ADD node_modules/fast-safe-stringify
2809 silly ADD node_modules/cookiejar
2810 silly ADD node_modules/component-emitter
2811 silly ADD node_modules/superagent
2812 silly ADD node_modules/methods
2813 silly ADD node_modules/ansi-regex
2814 silly ADD node_modules/is-fullwidth-code-point
2815 silly ADD node_modules/emoji-regex
2816 silly ADD node_modules/eastasianwidth
2817 silly ADD node_modules/char-regex
2818 silly ADD node_modules/escape-string-regexp
2819 silly ADD node_modules/source-map
2820 silly ADD node_modules/buffer-from
2821 silly ADD node_modules/shebang-regex
2822 silly ADD node_modules/react-is-19
2823 silly ADD node_modules/react-is-18
2824 silly ADD node_modules/is-arrayish
2825 silly ADD node_modules/lines-and-columns
2826 silly ADD node_modules/json-parse-even-better-errors
2827 silly ADD node_modules/error-ex
2828 silly ADD node_modules/yocto-queue
2829 silly ADD node_modules/mimic-fn
2830 silly ADD node_modules/balanced-match
2831 silly ADD node_modules/brace-expansion
2832 silly ADD node_modules/yallist
2833 silly ADD node_modules/p-locate
2834 silly ADD node_modules/p-locate/node_modules/p-limit
2835 silly ADD node_modules/sprintf-js
2836 silly ADD node_modules/esprima
2837 silly ADD node_modules/argparse
2838 silly ADD node_modules/@ungap/structured-clone
2839 silly ADD node_modules/leven
2840 silly ADD node_modules/natural-compare
2841 silly ADD node_modules/synckit
2842 silly ADD node_modules/@jest/snapshot-utils
2843 silly ADD node_modules/@babel/plugin-syntax-typescript
2844 silly ADD node_modules/@babel/plugin-syntax-jsx
2845 silly ADD node_modules/callsites
2846 silly ADD node_modules/strip-bom
2847 silly ADD node_modules/cjs-module-lexer
2848 silly ADD node_modules/@jest/source-map
2849 silly ADD node_modules/@jest/globals
2850 silly ADD node_modules/source-map-support
2851 silly ADD node_modules/jest-leak-detector
2852 silly ADD node_modules/emittery
2853 silly ADD node_modules/unrs-resolver
2854 silly ADD node_modules/jest-pnp-resolver
2855 silly ADD node_modules/@types/stack-utils
2856 silly ADD node_modules/@jest/diff-sequences
2857 silly ADD node_modules/jest-diff
2858 silly ADD node_modules/node-int64
2859 silly ADD node_modules/bser
2860 silly ADD node_modules/normalize-path
2861 silly ADD node_modules/walker
2862 silly ADD node_modules/picomatch
2863 silly ADD
2864 silly ADD node_modules/fb-watchman
2865 silly ADD node_modules/anymatch
2866 silly ADD node_modules/anymatch/node_modules/picomatch
2867 silly ADD node_modules/detect-newline
2868 silly ADD node_modules/@jest/expect-utils
2869 silly ADD node_modules/type-detect
2870 silly ADD node_modules/@sinonjs/commons
2871 silly ADD node_modules/@sinonjs/fake-timers
2872 silly ADD node_modules/expect
2873 silly ADD node_modules/jest-mock
2874 silly ADD node_modules/@jest/fake-timers
2875 silly ADD node_modules/stack-utils
2876 silly ADD node_modules/pure-rand
2877 silly ADD node_modules/jest-matcher-utils
2878 silly ADD node_modules/jest-each
2879 silly ADD node_modules/is-generator-fn
2880 silly ADD node_modules/dedent
2881 silly ADD node_modules/co
2882 silly ADD node_modules/@jest/expect
2883 silly ADD node_modules/@jest/environment
2884 silly ADD node_modules/@babel/plugin-syntax-top-level-await
2885 silly ADD node_modules/@babel/plugin-syntax-private-property-in-object
2886 silly ADD node_modules/@babel/plugin-syntax-optional-chaining
2887 silly ADD node_modules/@babel/plugin-syntax-optional-catch-binding
2888 silly ADD node_modules/@babel/plugin-syntax-object-rest-spread
2889 silly ADD node_modules/@babel/plugin-syntax-numeric-separator
2890 silly ADD node_modules/@babel/plugin-syntax-nullish-coalescing-operator
2891 silly ADD node_modules/@babel/plugin-syntax-logical-assignment-operators
2892 silly ADD node_modules/@babel/plugin-syntax-json-strings
2893 silly ADD node_modules/@babel/plugin-syntax-import-meta
2894 silly ADD node_modules/@babel/plugin-syntax-import-attributes
2895 silly ADD node_modules/@babel/plugin-syntax-class-static-block
2896 silly ADD node_modules/@babel/plugin-syntax-class-properties
2897 silly ADD node_modules/@babel/plugin-syntax-bigint
2898 silly ADD node_modules/@babel/plugin-syntax-async-generators
2899 silly ADD node_modules/babel-preset-current-node-syntax
2900 silly ADD node_modules/babel-plugin-jest-hoist
2901 silly ADD node_modules/@types/babel__traverse
2902 silly ADD node_modules/@types/babel__template
2903 silly ADD node_modules/@types/babel__generator
2904 silly ADD node_modules/babel-preset-jest
2905 silly ADD node_modules/@types/babel__core
2906 silly ADD node_modules/strip-json-comments
2907 silly ADD node_modules/parse-json
2908 silly ADD node_modules/jest-environment-node
2909 silly ADD node_modules/jest-docblock
2910 silly ADD node_modules/jest-circus
2911 silly ADD node_modules/deepmerge
2912 silly ADD node_modules/babel-jest
2913 silly ADD node_modules/@jest/test-sequencer
2914 silly ADD node_modules/@jest/get-type
2915 silly ADD node_modules/yargs
2916 silly ADD node_modules/yargs/node_modules/ansi-regex
2917 silly ADD node_modules/yargs/node_modules/strip-ansi
2918 silly ADD node_modules/yargs/node_modules/emoji-regex
2919 silly ADD node_modules/yargs/node_modules/string-width
2920 silly ADD node_modules/strip-final-newline
2921 silly ADD node_modules/onetime
2922 silly ADD node_modules/npm-run-path
2923 silly ADD node_modules/merge-stream
2924 silly ADD node_modules/is-stream
2925 silly ADD node_modules/human-signals
2926 silly ADD node_modules/get-stream
2927 silly ADD node_modules/p-limit
2928 silly ADD node_modules/execa
2929 silly ADD node_modules/execa/node_modules/signal-exit
2930 silly ADD node_modules/wrap-ansi-cjs
2931 silly ADD node_modules/wrap-ansi-cjs/node_modules/ansi-regex
2932 silly ADD node_modules/wrap-ansi-cjs/node_modules/emoji-regex
2933 silly ADD node_modules/wrap-ansi-cjs/node_modules/strip-ansi
2934 silly ADD node_modules/wrap-ansi-cjs/node_modules/string-width
2935 silly ADD node_modules/wrap-ansi
2936 silly ADD node_modules/wrap-ansi/node_modules/ansi-styles
2937 silly ADD node_modules/strip-ansi-cjs
2938 silly ADD node_modules/strip-ansi-cjs/node_modules/ansi-regex
2939 silly ADD node_modules/strip-ansi
2940 silly ADD node_modules/string-width-cjs
2941 silly ADD node_modules/string-width-cjs/node_modules/ansi-regex
2942 silly ADD node_modules/string-width-cjs/node_modules/strip-ansi
2943 silly ADD node_modules/string-width-cjs/node_modules/emoji-regex
2944 silly ADD node_modules/string-width
2945 silly ADD node_modules/@pkgjs/parseargs
2946 silly ADD node_modules/@isaacs/cliui
2947 silly ADD node_modules/html-escaper
2948 silly ADD node_modules/make-dir
2949 silly ADD node_modules/resolve-cwd
2950 silly ADD node_modules/pkg-dir
2951 silly ADD node_modules/which
2952 silly ADD node_modules/shebang-command
2953 silly ADD node_modules/path-key
2954 silly ADD node_modules/signal-exit
2955 silly ADD node_modules/cross-spawn
2956 silly ADD node_modules/path-scurry
2957 silly ADD node_modules/path-scurry/node_modules/lru-cache
2958 silly ADD node_modules/package-json-from-dist
2959 silly ADD node_modules/minipass
2960 silly ADD node_modules/minimatch
2961 silly ADD node_modules/jackspeak
2962 silly ADD node_modules/foreground-child
2963 silly ADD node_modules/path-exists
2964 silly ADD node_modules/locate-path
2965 silly ADD node_modules/color-name
2966 silly ADD node_modules/color-convert
2967 silly ADD node_modules/supports-color
2968 silly ADD node_modules/ansi-styles
2969 silly ADD node_modules/update-browserslist-db
2970 silly ADD node_modules/node-releases
2971 silly ADD node_modules/electron-to-chromium
2972 silly ADD node_modules/caniuse-lite
2973 silly ADD node_modules/baseline-browser-mapping
2974 silly ADD node_modules/resolve-from
2975 silly ADD node_modules/js-yaml
2976 silly ADD node_modules/get-package-type
2977 silly ADD node_modules/find-up
2978 silly ADD node_modules/camelcase
2979 silly ADD node_modules/test-exclude
2980 silly ADD node_modules/test-exclude/node_modules/brace-expansion
2981 silly ADD node_modules/test-exclude/node_modules/minimatch
2982 silly ADD node_modules/test-exclude/node_modules/glob
2983 silly ADD node_modules/@istanbuljs/schema
2984 silly ADD node_modules/@istanbuljs/load-nyc-config
2985 silly ADD node_modules/@babel/helper-plugin-utils
2986 silly ADD node_modules/type-fest
2987 silly ADD node_modules/@types/yargs-parser
2988 silly ADD node_modules/undici-types
2989 silly ADD node_modules/@types/istanbul-lib-report
2990 silly ADD node_modules/@jridgewell/resolve-uri
2991 silly ADD node_modules/@jridgewell/sourcemap-codec
2992 silly ADD node_modules/@sinclair/typebox
2993 silly ADD node_modules/@types/yargs
2994 silly ADD node_modules/@types/istanbul-reports
2995 silly ADD node_modules/@jest/schemas
2996 silly ADD node_modules/@babel/helper-string-parser
2997 silly ADD node_modules/@babel/helper-globals
2998 silly ADD node_modules/@babel/helper-module-imports
2999 silly ADD node_modules/lru-cache
3000 silly ADD node_modules/browserslist
3001 silly ADD node_modules/@babel/helper-validator-option
3002 silly ADD node_modules/@babel/compat-data
3003 silly ADD node_modules/jsesc
3004 silly ADD node_modules/@jridgewell/gen-mapping
3005 silly ADD node_modules/picocolors
3006 silly ADD node_modules/js-tokens
3007 silly ADD node_modules/@babel/helper-validator-identifier
3008 silly ADD node_modules/json5
3009 silly ADD node_modules/gensync
3010 silly ADD node_modules/@jridgewell/remapping
3011 silly ADD node_modules/@babel/types
3012 silly ADD node_modules/@babel/traverse
3013 silly ADD node_modules/@babel/template
3014 silly ADD node_modules/@babel/parser
3015 silly ADD node_modules/@babel/helpers
3016 silly ADD node_modules/@babel/helper-module-transforms
3017 silly ADD node_modules/@babel/helper-compilation-targets
3018 silly ADD node_modules/@babel/helper-compilation-targets/node_modules/semver
3019 silly ADD node_modules/@babel/generator
3020 silly ADD node_modules/@babel/code-frame
3021 silly ADD node_modules/write-file-atomic
3022 silly ADD node_modules/pirates
3023 silly ADD node_modules/convert-source-map
3024 silly ADD node_modules/babel-plugin-istanbul
3025 silly ADD node_modules/@babel/core
3026 silly ADD node_modules/@babel/core/node_modules/semver
3027 silly ADD node_modules/@types/istanbul-lib-coverage
3028 silly ADD node_modules/v8-to-istanbul
3029 silly ADD node_modules/string-length
3030 silly ADD node_modules/string-length/node_modules/ansi-regex
3031 silly ADD node_modules/string-length/node_modules/strip-ansi
3032 silly ADD node_modules/jest-worker
3033 silly ADD node_modules/jest-worker/node_modules/supports-color
3034 silly ADD node_modules/istanbul-reports
3035 silly ADD node_modules/istanbul-lib-source-maps
3036 silly ADD node_modules/istanbul-lib-report
3037 silly ADD node_modules/istanbul-lib-instrument
3038 silly ADD node_modules/istanbul-lib-coverage
3039 silly ADD node_modules/glob
3040 silly ADD node_modules/collect-v8-coverage
3041 silly ADD node_modules/@jridgewell/trace-mapping
3042 silly ADD node_modules/@bcoe/v8-coverage
3043 silly ADD node_modules/slash
3044 silly ADD node_modules/pretty-format
3045 silly ADD node_modules/pretty-format/node_modules/ansi-styles
3046 silly ADD node_modules/jest-watcher
3047 silly ADD node_modules/jest-validate
3048 silly ADD node_modules/jest-validate/node_modules/camelcase
3049 silly ADD node_modules/jest-util
3050 silly ADD node_modules/jest-snapshot
3051 silly ADD node_modules/jest-runtime
3052 silly ADD node_modules/jest-runner
3053 silly ADD node_modules/jest-resolve-dependencies
3054 silly ADD node_modules/jest-resolve
3055 silly ADD node_modules/jest-regex-util
3056 silly ADD node_modules/jest-message-util
3057 silly ADD node_modules/jest-haste-map
3058 silly ADD node_modules/jest-config
3059 silly ADD node_modules/jest-changed-files
3060 silly ADD node_modules/graceful-fs
3061 silly ADD node_modules/fast-json-stable-stringify
3062 silly ADD node_modules/exit-x
3063 silly ADD node_modules/ci-info
3064 silly ADD node_modules/chalk
3065 silly ADD node_modules/ansi-escapes
3066 silly ADD node_modules/@types/node
3067 silly ADD node_modules/@jest/transform
3068 silly ADD node_modules/@jest/test-result
3069 silly ADD node_modules/@jest/reporters
3070 silly ADD node_modules/@jest/pattern
3071 silly ADD node_modules/@jest/console
3072 silly ADD node_modules/jest-cli
3073 silly ADD node_modules/import-local
3074 silly ADD node_modules/@jest/types
3075 silly ADD node_modules/@jest/core
3076 silly ADD node_modules/supertest
3077 silly ADD node_modules/jest
3078 verbose cwd /Users/absaad/Desktop/todo-api
3079 verbose os Darwin 24.6.0
3080 verbose node v22.16.0
3081 verbose npm  v10.9.2
3082 verbose exit 0
3083 info ok
